{"head":{},"def":[{"text":"abandonment","pos":"noun","ts":"əˈbændənmənt","tr":[{"text":"отказ","pos":"noun","gen":"м","syn":[{"text":"оставление","pos":"noun","gen":"ср"}],"mean":[{"text":"refusal"},{"text":"vacation"}],"ex":[{"text":"voluntary abandonment","tr":[{"text":"добровольный отказ"}]}]},{"text":"заброшенность","pos":"noun","gen":"ж","mean":[{"text":"neglect"}]},{"text":"забрасывание","pos":"noun","gen":"ср"},{"text":"забвение","pos":"noun","gen":"ср","mean":[{"text":"oblivion"}]},{"text":"отступление","pos":"noun","gen":"ср","mean":[{"text":"retreat"}]}]}]}