{"head":{},"def":[{"text":"abandoning","pos":"participle","ts":"əˈbændənɪŋ","tr":[{"text":"отказывающийся","pos":"participle","syn":[{"text":"отказавшийся","pos":"participle"}],"mean":[{"text":"refuse"},{"text":"refusing"}]},{"text":"покидающий","pos":"participle","syn":[{"text":"оставивший","pos":"participle"}],"mean":[{"text":"leaving"}]}]},{"text":"abandoning","pos":"noun","ts":"əˈbændənɪŋ","tr":[{"text":"отказ","pos":"noun","gen":"м","syn":[{"text":"оставление","pos":"noun","gen":"ср"}],"mean":[{"text":"refuse"}]}]}]}