{"head":{},"def":[{"text":"abandon","pos":"verb","ts":"əˈbændən","tr":[{"text":"покидать","pos":"verb","syn":[{"text":"оставлять","pos":"verb","asp":"несов"},{"text":"покинуть","pos":"verb","asp":"сов"},{"text":"оставить","pos":"verb","asp":"сов"},{"text":"расстаться","pos":"verb","asp":"сов"}],"mean":[{"text":"leave"}],"ex":[{"text":"abandon the vessel","tr":[{"text":"покинуть судно"}]},{"text":"abandoned property","tr":[{"text":"оставленное имущество"}]}]},{"text":"отказываться","pos":"verb","asp":"несов","syn":[{"text":"отказаться","pos":"verb","asp":"сов"}],"mean":[{"text":"refuse"}],"ex":[{"text":"abandon the project","tr":[{"text":"отказываться от проекта"}]},{"text":"abandon the game","tr":[{"text":"отказаться от игры"}]}]},{"text":"прекращать","pos":"verb","asp":"несов","syn":[{"text":"прекратить","pos":"verb","asp":"сов"}],"mean":[{"text":"cease"}],"ex":[{"text":"abandon the search","tr":[{"text":"прекратить поиски"}]}]},{"text":"предаваться","pos":"verb","asp":"несов","mean":[{"text":"indulge"}]},{"text":"бросить","pos":"verb","asp":"сов","syn":[{"text":"бросать","pos":"verb","asp":"несов"},{"text":"забросить","pos":"verb","asp":"сов"},{"text":"отбросить","pos":"verb","asp":"сов"},{"text":"побросать","pos":"verb","asp":"сов"}],"mean":[{"text":"throw"},{"text":"reject"}],"ex":[{"text":"abandoned baby","tr":[{"text":"брошенный ребенок"}]},{"text":"abandoned mine","tr":[{"text":"заброшенная шахта"}]}]}]},{"text":"abandon","pos":"noun","ts":"əˈbændən","tr":[{"text":"развязность","pos":"noun","gen":"ж","mean":[{"text":"swagger"}]},{"text":"несдержанность","pos":"noun","gen":"ж","mean":[{"text":"extravagance"}]}]}]}