{"head":{},"def":[{"text":"abandoned","pos":"participle","ts":"əˈbændənd","tr":[{"text":"заброшенный","pos":"participle","mean":[{"text":"neglected"}]},{"text":"оставленный","pos":"participle","syn":[{"text":"брошенный","pos":"participle"},{"text":"отвергнутый","pos":"participle"}],"mean":[{"text":"left"},{"text":"deserted"},{"text":"rejected"}]}]},{"text":"abandoned","pos":"adjective","ts":"əˈbændənd","tr":[{"text":"покинутый","pos":"adjective"}]}]}