{"head":{},"def":[{"text":"abatement","pos":"noun","ts":"əˈbeɪtmənt","tr":[{"text":"снижение","pos":"noun","gen":"ср","syn":[{"text":"уменьшение","pos":"noun","gen":"ср"},{"text":"сокращение","pos":"noun","gen":"ср"},{"text":"ослабление","pos":"noun","gen":"ср"},{"text":"смягчение","pos":"noun","gen":"ср"}],"mean":[{"text":"reduction"},{"text":"attenuation"},{"text":"mitigation"}]},{"text":"прекращение","pos":"noun","gen":"ср","mean":[{"text":"cessation"}]},{"text":"скидка","pos":"noun","gen":"ж","mean":[{"text":"discount"}]}]}]}