{"head":{},"def":[{"text":"abate","pos":"verb","ts":"əˈbeɪt","tr":[{"text":"утихать","pos":"verb","asp":"несов","syn":[{"text":"ослабевать","pos":"verb","asp":"несов"},{"text":"ослаблять","pos":"verb","asp":"несов"},{"text":"стихать","pos":"verb","asp":"несов"},{"text":"утихнуть","pos":"verb","asp":"сов"},{"text":"стихнуть","pos":"verb","asp":"сов"},{"text":"ослабнуть","pos":"verb","asp":"сов"},{"text":"спадать","pos":"verb","asp":"несов"}],"mean":[{"text":"subside"},{"text":"weaken"}]},{"text":"уменьшать","pos":"verb","asp":"несов","syn":[{"text":"снижать","pos":"verb","asp":"несов"}],"mean":[{"text":"lessen"},{"text":"reduce"}]},{"text":"уменьшаться","pos":"verb","asp":"несов","syn":[{"text":"уменьшиться","pos":"verb","asp":"сов"}],"mean":[{"text":"decrease"}]},{"text":"умерять","pos":"verb","asp":"несов","mean":[{"text":"moderate"}]}]}]}