{"head":{},"def":[{"text":"abc","pos":"noun","ts":"ˈeɪbiːˈsiː","tr":[{"text":"авс","pos":"noun","gen":"ж"}]},{"text":"abc","pos":"adjective","ts":"ˈeɪbiːˈsiː","tr":[{"text":"азбучный","pos":"adjective","mean":[{"text":"alphabetic"}]}]},{"text":"ABC","pos":"noun","ts":"ˈeɪbiːˈsiː","tr":[{"text":"азбука","pos":"noun","gen":"ж","syn":[{"text":"букварь","pos":"noun","gen":"м"},{"text":"алфавит","pos":"noun","gen":"м"}],"mean":[{"text":"alphabet"},{"text":"primer"}]}]}]}