{"head":{},"def":[{"text":"abdication","pos":"noun","ts":"æbdɪˈkeɪʃn","tr":[{"text":"отречение","pos":"noun","gen":"ср","syn":[{"text":"отречение от престола","pos":"noun"}],"mean":[{"text":"renunciation"}],"ex":[{"text":"act of abdication","tr":[{"text":"акт отречения"}]}]},{"text":"отказ","pos":"noun","gen":"м","mean":[{"text":"refusal"}]},{"text":"сложение полномочий","pos":"noun","syn":[{"text":"сложение","pos":"noun","gen":"ср"}],"mean":[{"text":"addition"}]}]}]}