{"head":{},"def":[{"text":"abdominal","pos":"adjective","ts":"æbˈdɔmɪnl","tr":[{"text":"брюшной","pos":"adjective","syn":[{"text":"абдоминальный","pos":"adjective"},{"text":"подбрюшный","pos":"adjective"}],"mean":[{"text":"belly"}],"ex":[{"text":"abdominal cavity","tr":[{"text":"брюшная полость"}]},{"text":"anterior abdominal wall","tr":[{"text":"передняя брюшная стенка"}]},{"text":"abdominal surgery","tr":[{"text":"абдоминальная хирургия"}]}]}]}]}