{"head":{},"def":[{"text":"abduction","pos":"noun","ts":"æbˈdʌkʃn","tr":[{"text":"отведение","pos":"noun","gen":"ср","mean":[{"text":"lead"}],"ex":[{"text":"hip abduction","tr":[{"text":"отведение бедра"}]}]},{"text":"абдукция","pos":"noun","gen":"ж"},{"text":"похищение","pos":"noun","gen":"ср","syn":[{"text":"увоз","pos":"noun","gen":"м"}],"mean":[{"text":"kidnapping"}],"ex":[{"text":"violent abduction","tr":[{"text":"насильственное похищение"}]}]}]}]}