{"head":{},"def":[{"text":"aberration","pos":"noun","ts":"æbəˈreɪʃn","tr":[{"text":"аберрация","pos":"noun","gen":"ж","ex":[{"text":"chromatic aberration","tr":[{"text":"хроматическая аберрация"}]}]},{"text":"отклонение","pos":"noun","gen":"ср","mean":[{"text":"deviation"}],"ex":[{"text":"temporary aberration","tr":[{"text":"временное отклонение"}]}]},{"text":"заблуждение","pos":"noun","gen":"ср","mean":[{"text":"delusion"}]},{"text":"помрачение ума","pos":"noun"}]},{"text":"aberration","pos":"adjective","ts":"æbəˈreɪʃn","tr":[{"text":"аберрационный","pos":"adjective"}]}]}