{"head":{},"def":[{"text":"abiding","pos":"adjective","ts":"əˈbaɪdɪŋ","tr":[{"text":"неизменный","pos":"adjective","syn":[{"text":"постоянный","pos":"adjective"},{"text":"непреходящий","pos":"adjective"}],"mean":[{"text":"unchanging"},{"text":"constant"},{"text":"imperishable"}],"ex":[{"text":"abiding love","tr":[{"text":"неизменная любовь"}]},{"text":"abiding presence","tr":[{"text":"постоянное присутствие"}]}]},{"text":"прочный","pos":"adjective","mean":[{"text":"lasting"}],"ex":[{"text":"abiding peace","tr":[{"text":"прочный мир"}]}]}]},{"text":"abiding","pos":"participle","ts":"əˈbaɪdɪŋ","tr":[{"text":"пребывающий","pos":"participle","mean":[{"text":"staying"}]}]}]}