{"head":{},"def":[{"text":"abide","pos":"verb","ts":"əˈbaɪd","fl":"abided/abode, abided/abode","tr":[{"text":"соблюдать","pos":"verb","asp":"несов","syn":[{"text":"придерживаться","pos":"verb","asp":"несов"}],"mean":[{"text":"observe"},{"text":"adhere"}],"ex":[{"text":"abide by rules","tr":[{"text":"соблюдать правила"}]}]},{"text":"пребывать","pos":"verb","asp":"несов","syn":[{"text":"жить","pos":"verb","asp":"несов"},{"text":"обитать","pos":"verb","asp":"несов"}],"mean":[{"text":"dwell"},{"text":"live"}],"ex":[{"text":"abide in christ","tr":[{"text":"пребывать во христе"}]}]},{"text":"выполнять","pos":"verb","asp":"несов","mean":[{"text":"fulfill"}]},{"text":"оставаться","pos":"verb","asp":"несов","syn":[{"text":"остаться","pos":"verb","asp":"сов"}],"mean":[{"text":"remain"}]},{"text":"следовать","pos":"verb","asp":"несов","syn":[{"text":"подчиняться","pos":"verb","asp":"несов"}],"mean":[{"text":"follow"},{"text":"obey"}]},{"text":"терпеть","pos":"verb","asp":"несов","syn":[{"text":"выносить","pos":"verb"},{"text":"выдержать","pos":"verb","asp":"сов"}],"mean":[{"text":"tolerate"},{"text":"endure"},{"text":"survive"}]},{"text":"пребыть","pos":"verb","asp":"сов"},{"text":"ждать","pos":"verb","asp":"несов","mean":[{"text":"wait"}]}]}]}