{"head":{},"def":[{"text":"ability","pos":"noun","ts":"əˈbɪlɪtɪ","tr":[{"text":"способность","pos":"noun","gen":"ж","syn":[{"text":"возможность","pos":"noun","gen":"ж"},{"text":"работоспособность","pos":"noun","gen":"ж"}],"mean":[{"text":"capacity"},{"text":"opportunity"}],"ex":[{"text":"creative ability","tr":[{"text":"творческая способность"}]},{"text":"intellectual ability","tr":[{"text":"интеллектуальная способность"}]},{"text":"limit of human ability","tr":[{"text":"предел человеческих возможностей"}]},{"text":"mental ability","tr":[{"text":"умственная работоспособность"}]}]},{"text":"умение","pos":"noun","gen":"ср","syn":[{"text":"навык","pos":"noun","gen":"м"}],"mean":[{"text":"skill"}],"ex":[{"text":"rare ability","tr":[{"text":"редкое умение"}]},{"text":"communication abilities","tr":[{"text":"коммуникативные навыки"}]}]},{"text":"талант","pos":"noun","gen":"м","syn":[{"text":"дарование","pos":"noun","gen":"ср"}],"mean":[{"text":"talent"}]},{"text":"ловкость","pos":"noun","gen":"ж","mean":[{"text":"agility"}]}]}]}