{"head":{},"def":[{"text":"abject","pos":"adjective","ts":"ˈæbʤekt","tr":[{"text":"жалкий","pos":"adjective","syn":[{"text":"малодушный","pos":"adjective"},{"text":"подлый","pos":"adjective"}],"mean":[{"text":"miserable"},{"text":"cowardly"},{"text":"vile"}],"ex":[{"text":"abject poverty","tr":[{"text":"жалкая нищета"}]}]},{"text":"унизительный","pos":"adjective","mean":[{"text":"humiliating"}]}]},{"text":"abject","pos":"participle","ts":"ˈæbʤekt","tr":[{"text":"презренный","pos":"participle","mean":[{"text":"despicable"}]}]}]}