{"head":{},"def":[{"text":"able","pos":"adjective","ts":"eɪbl","tr":[{"text":"способный","pos":"adjective","mean":[{"text":"capable"}],"ex":[{"text":"able seaman","tr":[{"text":"способный моряк"}]}]},{"text":"умелый","pos":"adjective","syn":[{"text":"талантливый","pos":"adjective"}],"mean":[{"text":"skillful"},{"text":"talented"}],"ex":[{"text":"able leadership","tr":[{"text":"умелое руководство"}]}]}]},{"text":"able","pos":"participle","ts":"eɪbl","tr":[{"text":"умеющий","pos":"participle","syn":[{"text":"могущий","pos":"participle"},{"text":"сумевший","pos":"participle"}]},{"text":"знающий","pos":"participle","mean":[{"text":"aware"}]}]}]}