{"head":{},"def":[{"text":"abnormal","pos":"adjective","ts":"æbˈnɔːməl","tr":[{"text":"ненормальный","pos":"adjective","syn":[{"text":"аномальный","pos":"adjective"},{"text":"анормальный","pos":"adjective"},{"text":"патологический","pos":"adjective"}],"mean":[{"text":"anomalous"},{"text":"pathological"}],"ex":[{"text":"abnormal growth","tr":[{"text":"ненормальный рост"}]},{"text":"abnormal structure","tr":[{"text":"аномальная структура"}]},{"text":"abnormal state","tr":[{"text":"анормальное состояние"}]},{"text":"abnormal changes","tr":[{"text":"патологические изменения"}]}]},{"text":"неправильный","pos":"adjective","mean":[{"text":"improper"}],"ex":[{"text":"abnormal movement","tr":[{"text":"неправильное движение"}]}]},{"text":"необычный","pos":"adjective","mean":[{"text":"unusual"}]},{"text":"аварийный","pos":"adjective","mean":[{"text":"emergency"}],"ex":[{"text":"abnormal termination","tr":[{"text":"аварийное завершение"}]}]},{"text":"нештатный","pos":"adjective","mean":[{"text":"supernumerary"}]},{"text":"чрезмерный","pos":"adjective","mean":[{"text":"excessive"}]},{"text":"уродливый","pos":"adjective","mean":[{"text":"ugly"}]}]}]}