{"head":{},"def":[{"text":"abnormally","pos":"adverb","ts":"æbˈnɔːməlɪ","tr":[{"text":"аномально","pos":"adverb","syn":[{"text":"ненормально","pos":"adverb"},{"text":"неестественно","pos":"adverb"}],"mean":[{"text":"unnaturally"}],"ex":[{"text":"abnormally low levels","tr":[{"text":"аномально низкие уровни"}]}]},{"text":"неправильно","pos":"adverb","mean":[{"text":"incorrectly"}]},{"text":"анормально","pos":"adverb"}]}]}