{"head":{},"def":[{"text":"abnormality","pos":"noun","ts":"æbnɔːˈmælɪtɪ","tr":[{"text":"аномалия","pos":"noun","gen":"ж","syn":[{"text":"ненормальность","pos":"noun","gen":"ж"},{"text":"патология","pos":"noun","gen":"ж"}],"mean":[{"text":"anomaly"},{"text":"pathology"}],"ex":[{"text":"genetic abnormality","tr":[{"text":"генетическая аномалия"}]},{"text":"chromosomal abnormality","tr":[{"text":"хромосомная патология"}]}]},{"text":"отклонение","pos":"noun","gen":"ср","mean":[{"text":"deviation"}],"ex":[{"text":"mental abnormalities","tr":[{"text":"умственные отклонения"}]}]},{"text":"неправильность","pos":"noun","gen":"ж","mean":[{"text":"irregularity"}]},{"text":"нарушение","pos":"noun","gen":"ср","mean":[{"text":"disturbance"}],"ex":[{"text":"structural abnormalities","tr":[{"text":"структурные нарушения"}]}]},{"text":"уродство","pos":"noun","gen":"ср","mean":[{"text":"deformity"}]}]}]}