{"head":{},"def":[{"text":"abolition","pos":"noun","ts":"æbəʊˈlɪʃn","tr":[{"text":"отмена","pos":"noun","gen":"ж","syn":[{"text":"аннулирование","pos":"noun","gen":"ср"}],"mean":[{"text":"cancellation"}],"ex":[{"text":"abolition of slavery","tr":[{"text":"отмена рабства"}]},{"text":"abolition of death penalty","tr":[{"text":"отмена смертной казни"}]},{"text":"abolition of capital punishment","tr":[{"text":"отмена смертной казни"}]}]},{"text":"упразднение","pos":"noun","gen":"ср","syn":[{"text":"ликвидация","pos":"noun","gen":"ж"},{"text":"устранение","pos":"noun","gen":"ср"},{"text":"уничтожение","pos":"noun","gen":"ср"}],"mean":[{"text":"abolishment"},{"text":"elimination"}],"ex":[{"text":"gradual abolition","tr":[{"text":"постепенное упразднение"}]},{"text":"abolition of private property","tr":[{"text":"ликвидация частной собственности"}]},{"text":"abolition of nuclear weapons","tr":[{"text":"уничтожение ядерного оружия"}]}]}]}]}