{"head":{},"def":[{"text":"abolish","pos":"verb","ts":"əˈbɔlɪʃ","tr":[{"text":"отменять","pos":"verb","asp":"несов","syn":[{"text":"упразднять","pos":"verb","asp":"несов"},{"text":"уничтожать","pos":"verb","asp":"несов"},{"text":"аннулировать","pos":"verb"},{"text":"отменить","pos":"verb","asp":"сов"},{"text":"упразднить","pos":"verb","asp":"сов"},{"text":"уничтожить","pos":"verb","asp":"сов"},{"text":"ликвидировать","pos":"verb"},{"text":"устранить","pos":"verb","asp":"сов"}],"mean":[{"text":"revoke"},{"text":"eliminate"},{"text":"annul"},{"text":"repeal"}],"ex":[{"text":"abolish slavery","tr":[{"text":"отменить рабство"}]}]}]}]}