{"head":{},"def":[{"text":"abomination","pos":"noun","ts":"əbɔmɪˈneɪʃn","tr":[{"text":"мерзость","pos":"noun","gen":"ж","syn":[{"text":"гадость","pos":"noun","gen":"ж"}],"mean":[{"text":"abominable"},{"text":"filth"}],"ex":[{"text":"abomination of desolation","tr":[{"text":"мерзость запустения"}]}]},{"text":"отвращение","pos":"noun","gen":"ср","mean":[{"text":"disgust"}]}]},{"text":"abomination","pos":"adjective","ts":"əbɔmɪˈneɪʃn","tr":[{"text":"отвратительный","pos":"adjective","mean":[{"text":"disgusting"}]}]}]}