{"head":{},"def":[{"text":"abominable","pos":"adjective","ts":"əˈbɔmɪnəbl","tr":[{"text":"отвратительный","pos":"adjective","syn":[{"text":"гнусный","pos":"adjective"},{"text":"ужасный","pos":"adjective"},{"text":"омерзительный","pos":"adjective"},{"text":"противный","pos":"adjective"},{"text":"гадкий","pos":"adjective"},{"text":"мерзкий","pos":"adjective"}],"mean":[{"text":"disgusting"},{"text":"vile"},{"text":"hideous"}],"ex":[{"text":"abominable sins","tr":[{"text":"отвратительные грехи"}]},{"text":"abominable crime","tr":[{"text":"ужасное преступление"}]},{"text":"abominable thing","tr":[{"text":"мерзкое дело"}]}]}]}]}