{"head":{},"def":[{"text":"aboriginal","pos":"adjective","ts":"æbəˈrɪʤənl","tr":[{"text":"аборигенный","pos":"adjective","syn":[{"text":"коренной","pos":"adjective"},{"text":"исконный","pos":"adjective"},{"text":"туземный","pos":"adjective"},{"text":"первобытный","pos":"adjective"}],"mean":[{"text":"indigenous"},{"text":"native"},{"text":"primitive"}],"ex":[{"text":"aboriginal population","tr":[{"text":"коренное население"}]},{"text":"aboriginal rights","tr":[{"text":"исконные права"}]}]},{"text":"местный","pos":"adjective","mean":[{"text":"local"}]},{"text":"аборигенский","pos":"adjective"}]},{"text":"aboriginal","pos":"noun","ts":"æbəˈrɪʤənl","tr":[{"text":"коренной житель","pos":"noun","mean":[{"text":"native"}]}]},{"text":"Aboriginal","pos":"noun","ts":"æbəˈrɪʤənl","tr":[{"text":"абориген","pos":"noun","gen":"м","mean":[{"text":"aborigine"}]}]}]}