{"head":{},"def":[{"text":"abortive","pos":"adjective","ts":"əˈbɔːtɪv","tr":[{"text":"неудачный","pos":"adjective","syn":[{"text":"неудавшийся","pos":"adjective"},{"text":"бесплодный","pos":"adjective"}],"mean":[{"text":"unsuccessful"},{"text":"failed"},{"text":"fruitless"}],"ex":[{"text":"abortive effort","tr":[{"text":"неудачная попытка"}]},{"text":"abortive coup","tr":[{"text":"неудавшийся переворот"}]},{"text":"abortive attempt","tr":[{"text":"бесплодная попытка"}]}]},{"text":"абортивный","pos":"adjective","mean":[{"text":"abortifacient"}]}]}]}