{"head":{},"def":[{"text":"abortion","pos":"noun","ts":"əˈbɔːʃn","tr":[{"text":"аборт","pos":"noun","gen":"м","syn":[{"text":"выкидыш","pos":"noun","gen":"м"},{"text":"прерывание беременности","pos":"noun"},{"text":"прерывание","pos":"noun","gen":"ср"}],"mean":[{"text":"abort"},{"text":"miscarriage"},{"text":"termination of pregnancy"},{"text":"interrupt"}],"ex":[{"text":"spontaneous abortion","tr":[{"text":"самопроизвольный аборт"}]},{"text":"habitual abortion","tr":[{"text":"привычный выкидыш"}]}]},{"text":"неудача","pos":"noun","gen":"ж","mean":[{"text":"failure"}]}]}]}