{"head":{},"def":[{"text":"about","pos":"preposition","ts":"əˈbaʊt","tr":[{"text":"о","pos":"preposition","syn":[{"text":"насчет","pos":"preposition"},{"text":"по","pos":"preposition"},{"text":"в","pos":"preposition"},{"text":"касательно","pos":"preposition"},{"text":"у","pos":"preposition"},{"text":"об","pos":"preposition"},{"text":"про","pos":"preposition"},{"text":"относительно","pos":"preposition"}],"mean":[{"text":"on"},{"text":"in"},{"text":"at"}],"ex":[{"text":"song about love","tr":[{"text":"песня о любви"}]},{"text":"information about human rights","tr":[{"text":"информация о правах человека"}]},{"text":"thought about death","tr":[{"text":"мысль о смерти"}]},{"text":"questions about life","tr":[{"text":"вопросы о жизни"}]},{"text":"look about","tr":[{"text":"оглядываться по сторонам"}]},{"text":"about using","tr":[{"text":"об использовании"}]},{"text":"books about art","tr":[{"text":"книги об искусстве"}]},{"text":"system about","tr":[{"text":"система про"}]}]},{"text":"около","pos":"preposition","syn":[{"text":"вокруг","pos":"preposition"}],"mean":[{"text":"around"}],"ex":[{"text":"weigh about a ton","tr":[{"text":"весить около тонны"}]},{"text":"last about a month","tr":[{"text":"длиться около месяца"}]},{"text":"rotation about the axis","tr":[{"text":"вращение вокруг оси"}]}]}]},{"text":"about","pos":"adverb","ts":"əˈbaʊt","tr":[{"text":"приблизительно","pos":"adverb","syn":[{"text":"почти","pos":"adverb"},{"text":"примерно","pos":"adverb"}],"mean":[{"text":"approximately"},{"text":"almost"}]},{"text":"кругом","pos":"adverb","syn":[{"text":"повсюду","pos":"adverb"},{"text":"везде","pos":"adverb"}],"mean":[{"text":"around"},{"text":"everywhere"}]},{"text":"на тему","pos":"adverb","mean":[{"text":"on the topic"}]},{"text":"по поводу","pos":"adverb","mean":[{"text":"over"}]}]}]}