{"head":{},"def":[{"text":"above","pos":"adverb","ts":"əˈbʌv","tr":[{"text":"выше","pos":"adverb","syn":[{"text":"наверху","pos":"adverb"},{"text":"вверху","pos":"adverb"},{"text":"сверху","pos":"adverb"},{"text":"наверх","pos":"adverb"}],"mean":[{"text":"up"},{"text":"at the top"},{"text":"on top"}]},{"text":"более","pos":"adverb","syn":[{"text":"свыше","pos":"adverb"}],"mean":[{"text":"more"},{"text":"over"}]},{"text":"ранее","pos":"adverb","mean":[{"text":"previously"}]},{"text":"раньше","pos":"adverb","mean":[{"text":"before"}]}]},{"text":"above","pos":"preposition","ts":"əˈbʌv","tr":[{"text":"над","pos":"preposition","syn":[{"text":"поверх","pos":"preposition"}],"mean":[{"text":"over"}],"ex":[{"text":"altitude above sea level","tr":[{"text":"высота над уровнем моря"}]},{"text":"air above the water","tr":[{"text":"воздух над водой"}]},{"text":"space above the earth","tr":[{"text":"пространство над землей"}]},{"text":"windows above the entrance","tr":[{"text":"окна над входом"}]},{"text":"sky above the city","tr":[{"text":"небо над городом"}]}]},{"text":"вне","pos":"preposition","syn":[{"text":"превыше","pos":"preposition"}],"mean":[{"text":"out"},{"text":"beyond"}],"ex":[{"text":"above suspicion","tr":[{"text":"вне подозрений"}]}]}]},{"text":"above","pos":"adjective","ts":"əˈbʌv","tr":[{"text":"вышеупомянутый","pos":"adjective","syn":[{"text":"вышеуказанный","pos":"adjective"},{"text":"вышеописанный","pos":"adjective"},{"text":"вышеназванный","pos":"adjective"}],"mean":[{"text":"aforementioned"}],"ex":[{"text":"above order","tr":[{"text":"вышеупомянутый приказ"}]},{"text":"above list","tr":[{"text":"вышеуказанный перечень"}]},{"text":"above procedure","tr":[{"text":"вышеописанная процедура"}]},{"text":"above laws","tr":[{"text":"вышеназванные законы"}]}]},{"text":"вышеприведенный","pos":"adjective","syn":[{"text":"вышеизложенный","pos":"adjective"}],"mean":[{"text":"foregoing"}],"ex":[{"text":"above quote","tr":[{"text":"вышеприведенная цитата"}]},{"text":"above information","tr":[{"text":"вышеизложенная информация"}]}]}]},{"text":"above","pos":"participle","ts":"əˈbʌv","tr":[{"text":"упомянутый выше","pos":"participle","mean":[{"text":"mentioned above"}]},{"text":"перечисленный","pos":"participle","mean":[{"text":"listed"}]}]}]}