{"head":{},"def":[{"text":"abrasive","pos":"adjective","ts":"əˈbreɪsɪv","tr":[{"text":"абразивный","pos":"adjective","syn":[{"text":"шлифовальный","pos":"adjective"}],"mean":[{"text":"grinding"}],"ex":[{"text":"abrasive material","tr":[{"text":"абразивный материал"}]},{"text":"abrasive wear resistance","tr":[{"text":"абразивная износостойкость"}]},{"text":"abrasive belt","tr":[{"text":"шлифовальная лента"}]}]}]},{"text":"abrasive","pos":"noun","ts":"əˈbreɪsɪv","tr":[{"text":"абразив","pos":"noun","gen":"м","syn":[{"text":"наждак","pos":"noun","gen":"м"}],"mean":[{"text":"abradant"},{"text":"emery"}],"ex":[{"text":"mild abrasive","tr":[{"text":"мягкий абразив"}]}]}]}]}