{"head":{},"def":[{"text":"abroad","pos":"adverb","ts":"əˈbrɔːd","tr":[{"text":"за границей","pos":"adverb","syn":[{"text":"за рубежом","pos":"adverb"}],"mean":[{"text":"overseas"}]},{"text":"повсюду","pos":"adverb","mean":[{"text":"everywhere"}]},{"text":"широко","pos":"adverb","mean":[{"text":"widely"}]},{"text":"вне дома","pos":"adverb","mean":[{"text":"outside the home"}]}]},{"text":"abroad","pos":"adjective","ts":"əˈbrɔːd","tr":[{"text":"зарубежный","pos":"adjective","mean":[{"text":"foreign"}]}]}]}