{"head":{},"def":[{"text":"abrupt","pos":"adjective","ts":"əˈbrʌpt","tr":[{"text":"резкий","pos":"adjective","syn":[{"text":"внезапный","pos":"adjective"},{"text":"неожиданный","pos":"adjective"},{"text":"скачкообразный","pos":"adjective"},{"text":"отрывистый","pos":"adjective"}],"mean":[{"text":"dramatic"},{"text":"sudden"},{"text":"unexpected"},{"text":"spasmodic"},{"text":"jerky"}],"ex":[{"text":"abrupt climate change","tr":[{"text":"резкое изменение климата"}]},{"text":"abrupt end","tr":[{"text":"внезапный конец"}]},{"text":"abrupt departure","tr":[{"text":"неожиданный отъезд"}]}]},{"text":"крутой","pos":"adjective","syn":[{"text":"обрывистый","pos":"adjective"}],"mean":[{"text":"steep"}],"ex":[{"text":"abrupt slope","tr":[{"text":"крутой склон"}]}]}]}]}