{"head":{},"def":[{"text":"abruptly","pos":"adverb","ts":"əˈbrʌptlɪ","tr":[{"text":"резко","pos":"adverb","mean":[{"text":"sharply"}]},{"text":"внезапно","pos":"adverb","syn":[{"text":"вдруг","pos":"adverb"},{"text":"неожиданно","pos":"adverb"}],"mean":[{"text":"suddenly"}]},{"text":"круто","pos":"adverb","syn":[{"text":"покруче","pos":"adverb"}],"mean":[{"text":"steeply"},{"text":"more abruptly"}]},{"text":"отрывисто","pos":"adverb","mean":[{"text":"shortly"}]}]}]}