{"head":{},"def":[{"text":"absent","pos":"verb","ts":"ˈæbsənt","tr":[{"text":"отсутствовать","pos":"verb","asp":"несов","mean":[{"text":"lack"}],"ex":[{"text":"absent from work","tr":[{"text":"отсутствовать на работе"}]}]},{"text":"отлучиться","pos":"verb","asp":"сов","mean":[{"text":"leave"}]}]},{"text":"absent","pos":"adjective","ts":"ˈæbsənt","tr":[{"text":"отсутствующий","pos":"adjective","mean":[{"text":"missing"}],"ex":[{"text":"absent friend","tr":[{"text":"отсутствующий друг"}]}]},{"text":"рассеянный","pos":"adjective","mean":[{"text":"scattered"}]}]}]}