{"head":{},"def":[{"text":"absence","pos":"noun","ts":"ˈæbsəns","tr":[{"text":"отсутствие","pos":"noun","gen":"ср","syn":[{"text":"неимение","pos":"noun","gen":"ср"},{"text":"недостаток","pos":"noun","gen":"м"}],"mean":[{"text":"lack"}],"ex":[{"text":"long absence","tr":[{"text":"длительное отсутствие"}]},{"text":"almost complete absence","tr":[{"text":"почти полное отсутствие"}]},{"text":"absence of side effects","tr":[{"text":"отсутствие побочных эффектов"}]},{"text":"absence of common sense","tr":[{"text":"отсутствие здравого смысла"}]},{"text":"absence of economic growth","tr":[{"text":"отсутствие экономического роста"}]},{"text":"absence of risk factors","tr":[{"text":"отсутствие факторов риска"}]},{"text":"absence of additional information","tr":[{"text":"отсутствие дополнительной информации"}]},{"text":"absence of equal opportunity","tr":[{"text":"отсутствие равных возможностей"}]},{"text":"absence of diplomatic relations","tr":[{"text":"отсутствие дипломатических отношений"}]}]},{"text":"неявка","pos":"noun","gen":"ж","syn":[{"text":"отлучка","pos":"noun","gen":"ж"}],"mean":[{"text":"nonappearance"}],"ex":[{"text":"unauthorized absence","tr":[{"text":"самовольная отлучка"}]}]}]}]}