{"head":{},"def":[{"text":"absorption","pos":"noun","ts":"əbˈsɔːpʃn","tr":[{"text":"поглощение","pos":"noun","gen":"ср","syn":[{"text":"абсорбция","pos":"noun","gen":"ж"},{"text":"всасывание","pos":"noun","gen":"ср"},{"text":"усвоение","pos":"noun","gen":"ср"},{"text":"освоение","pos":"noun","gen":"ср"}],"mean":[{"text":"uptake"},{"text":"suction"},{"text":"assimilation"}],"ex":[{"text":"absorption coefficient","tr":[{"text":"коэффициент поглощения"}]},{"text":"absorption of electromagnetic waves","tr":[{"text":"поглощение электромагнитных волн"}]},{"text":"absorption of solar energy","tr":[{"text":"поглощение солнечной энергии"}]},{"text":"atomic absorption","tr":[{"text":"атомная абсорбция"}]},{"text":"calcium absorption","tr":[{"text":"всасывание кальция"}]},{"text":"absorption of food","tr":[{"text":"усвоение пищи"}]}]},{"text":"впитывание","pos":"noun","gen":"ср","mean":[{"text":"absorbing"}]},{"text":"погруженность","pos":"noun","gen":"ж","syn":[{"text":"поглощенность","pos":"noun","gen":"ж"}],"mean":[{"text":"immersion"},{"text":"preoccupation"}],"ex":[{"text":"total absorption","tr":[{"text":"полная поглощенность"}]}]}]},{"text":"absorption","pos":"adjective","ts":"əbˈsɔːpʃn","tr":[{"text":"абсорбционный","pos":"adjective","syn":[{"text":"поглотительный","pos":"adjective"}],"mean":[{"text":"saturation"}],"ex":[{"text":"absorption heat pump","tr":[{"text":"абсорбционный тепловой насос"}]},{"text":"absorption ability","tr":[{"text":"поглотительная способность"}]}]}]}]}