{"head":{},"def":[{"text":"absorbance","pos":"noun","ts":"əbˈsɔːbənsɪ","tr":[{"text":"поглощение","pos":"noun","gen":"ср","syn":[{"text":"абсорбция","pos":"noun","gen":"ж"},{"text":"оптическая плотность","pos":"noun"}],"mean":[{"text":"absorption"},{"text":"optical density"}],"ex":[{"text":"maximum absorbance","tr":[{"text":"максимальная абсорбция"}]}]},{"text":"спектральная поглощательная способность","pos":"noun"}]}]}