{"head":{},"def":[{"text":"absorb","pos":"verb","ts":"əbˈsɔːb","tr":[{"text":"поглощать","pos":"verb","asp":"несов","syn":[{"text":"абсорбировать","pos":"verb"},{"text":"всасывать","pos":"verb","asp":"несов"},{"text":"поглотить","pos":"verb","asp":"сов"},{"text":"вбирать","pos":"verb","asp":"несов"},{"text":"адсорбировать","pos":"verb"}],"mean":[{"text":"consume"},{"text":"suck"},{"text":"draw"},{"text":"adsorb"}],"ex":[{"text":"absorb water","tr":[{"text":"поглощать воду"}]},{"text":"absorbed dose","tr":[{"text":"поглощенная доза"}]}]},{"text":"впитывать","pos":"verb","asp":"несов","syn":[{"text":"впитать","pos":"verb","asp":"сов"},{"text":"всасываться","pos":"verb","asp":"несов"},{"text":"впитаться","pos":"verb","asp":"сов"}],"mean":[{"text":"soak"}],"ex":[{"text":"absorb moisture","tr":[{"text":"впитывать влагу"}]}]},{"text":"принимать","pos":"verb","asp":"несов","mean":[{"text":"accept"}]},{"text":"амортизировать","pos":"verb","mean":[{"text":"amortize"}],"ex":[{"text":"absorb shocks","tr":[{"text":"амортизировать удары"}]}]},{"text":"вобрать","pos":"verb","asp":"сов"},{"text":"воспринимать","pos":"verb","asp":"несов","syn":[{"text":"воспринять","pos":"verb","asp":"сов"}],"mean":[{"text":"perceive"}],"ex":[{"text":"absorb information","tr":[{"text":"воспринимать информацию"}]}]},{"text":"усвоить","pos":"verb","asp":"сов","mean":[{"text":"assimilate"}]},{"text":"осваивать","pos":"verb","asp":"несов","mean":[{"text":"learn"}]},{"text":"гасить","pos":"verb","asp":"несов","mean":[{"text":"extinguish"}]}]}]}