{"head":{},"def":[{"text":"absorbent","pos":"participle","ts":"əbˈsɔːbənt","tr":[{"text":"абсорбирующий","pos":"participle","syn":[{"text":"поглощающий","pos":"participle"}],"mean":[{"text":"absorbing"}]}]},{"text":"absorbent","pos":"noun","ts":"əbˈsɔːbənt","tr":[{"text":"абсорбент","pos":"noun","gen":"м","syn":[{"text":"поглотитель","pos":"noun","gen":"м"},{"text":"сорбент","pos":"noun","gen":"м"}],"mean":[{"text":"absorber"},{"text":"sorbent"}]},{"text":"впитываемость","pos":"noun","gen":"ж","mean":[{"text":"absorbency"}]}]}]}