{"head":{},"def":[{"text":"absorbing","pos":"participle","ts":"əbˈsɔːbɪŋ","tr":[{"text":"впитывающий","pos":"participle","syn":[{"text":"абсорбирующий","pos":"participle"},{"text":"поглощающий","pos":"participle"}],"mean":[{"text":"absorptive"},{"text":"absorbent"}]},{"text":"захватывающий","pos":"participle","mean":[{"text":"fascinating"}]},{"text":"впитывающийся","pos":"participle","mean":[{"text":"absorbed"}]}]},{"text":"absorbing","pos":"noun","ts":"əbˈsɔːbɪŋ","tr":[{"text":"поглощение","pos":"noun","gen":"ср","syn":[{"text":"всасывание","pos":"noun","gen":"ср"},{"text":"впитывание","pos":"noun","gen":"ср"}],"mean":[{"text":"absorption"},{"text":"suction"}],"ex":[{"text":"absorbing light","tr":[{"text":"поглощение света"}]}]}]},{"text":"absorbing","pos":"adjective","ts":"əbˈsɔːbɪŋ","tr":[{"text":"увлекательный","pos":"adjective","mean":[{"text":"fascinating"}]},{"text":"всепоглощающий","pos":"adjective","mean":[{"text":"consuming"}]}]}]}