{"head":{},"def":[{"text":"absolutely","pos":"adverb","ts":"ˈæbsəluːtlɪ","tr":[{"text":"абсолютно","pos":"adverb","syn":[{"text":"совершенно","pos":"adverb"},{"text":"полностью","pos":"adverb"},{"text":"вполне","pos":"adverb"},{"text":"начисто","pos":"adverb"}],"mean":[{"text":"completely"}],"ex":[{"text":"absolutely necessary","tr":[{"text":"абсолютно необходимый"}]},{"text":"absolutely continuous spectrum","tr":[{"text":"абсолютно непрерывный спектр"}]},{"text":"absolutely correct","tr":[{"text":"совершенно правильный"}]}]},{"text":"безусловно","pos":"adverb","syn":[{"text":"обязательно","pos":"adverb"},{"text":"конечно","pos":"adverb"}],"mean":[{"text":"certainly"},{"text":"necessarily"}]},{"text":"совсем","pos":"adverb","syn":[{"text":"вообще","pos":"adverb"}],"mean":[{"text":"quite"},{"text":"at all"}]},{"text":"категорически","pos":"adverb","syn":[{"text":"решительно","pos":"adverb"}],"mean":[{"text":"categorically"},{"text":"strongly"}]},{"text":"самостоятельно","pos":"adverb","mean":[{"text":"alone"}]}]},{"text":"absolutely","pos":"particle","ts":"ˈæbsəluːtlɪ","tr":[{"text":"просто","pos":"particle","mean":[{"text":"just"}]}]},{"text":"absolutely","pos":"conjunction","ts":"ˈæbsəluːtlɪ","tr":[{"text":"да","pos":"conjunction","mean":[{"text":"yes"}]}]}]}