{"head":{},"def":[{"text":"absorber","pos":"noun","ts":"əbˈsɔːbə","tr":[{"text":"амортизатор","pos":"noun","gen":"м","mean":[{"text":"shock absorber"}],"ex":[{"text":"hydraulic shock absorber","tr":[{"text":"гидравлический амортизатор"}]}]},{"text":"поглотитель","pos":"noun","gen":"м","syn":[{"text":"абсорбер","pos":"noun","gen":"м"}],"mean":[{"text":"sink"}],"ex":[{"text":"surge absorber","tr":[{"text":"поглотитель перенапряжений"}]}]}]}]}