{"head":{},"def":[{"text":"absorbed","pos":"adjective","ts":"əbˈsɔːbd","tr":[{"text":"поглощенный","pos":"adjective"}]},{"text":"absorbed","pos":"participle","ts":"əbˈsɔːbd","tr":[{"text":"абсорбированный","pos":"participle","syn":[{"text":"поглощаемый","pos":"participle"},{"text":"впитывающийся","pos":"participle"}],"mean":[{"text":"consumed"},{"text":"absorbable"}]},{"text":"погруженный","pos":"participle","syn":[{"text":"увлеченный","pos":"participle"}],"mean":[{"text":"immersed"},{"text":"fascinated"}]}]}]}