{"head":{},"def":[{"text":"absolute","pos":"adjective","ts":"ˈæbsəluːt","tr":[{"text":"абсолютный","pos":"adjective","syn":[{"text":"безусловный","pos":"adjective"},{"text":"несомненный","pos":"adjective"},{"text":"стопроцентный","pos":"adjective"},{"text":"безоговорочный","pos":"adjective"}],"mean":[{"text":"ultimate"},{"text":"unconditional"},{"text":"undoubted"},{"text":"one hundred percent"}],"ex":[{"text":"absolute value","tr":[{"text":"абсолютное значение"}]},{"text":"absolute world record","tr":[{"text":"абсолютный мировой рекорд"}]},{"text":"absolute coordinate system","tr":[{"text":"абсолютная система координат"}]},{"text":"absolute pressure sensor","tr":[{"text":"датчик абсолютного давления"}]},{"text":"mean absolute deviation","tr":[{"text":"среднее абсолютное отклонение"}]},{"text":"absolute maximum temperature","tr":[{"text":"абсолютный максимум температуры"}]},{"text":"absolute poverty line","tr":[{"text":"абсолютная бедность"}]},{"text":"absolute majority in parliament","tr":[{"text":"абсолютное большинство в парламенте"}]},{"text":"have absolute power","tr":[{"text":"обладать абсолютной властью"}]},{"text":"absolute obedience","tr":[{"text":"безусловное повиновение"}]},{"text":"absolute priority","tr":[{"text":"несомненный приоритет"}]},{"text":"absolute guarantee","tr":[{"text":"стопроцентная гарантия"}]},{"text":"absolute leader","tr":[{"text":"безоговорочный лидер"}]}]},{"text":"полный","pos":"adjective","mean":[{"text":"full"}],"ex":[{"text":"absolute prohibition","tr":[{"text":"полный запрет"}]}]},{"text":"неограниченный","pos":"adjective","mean":[{"text":"unlimited"}]},{"text":"чистый","pos":"adjective","mean":[{"text":"net"}]},{"text":"полновластный","pos":"adjective","mean":[{"text":"sovereign"}],"ex":[{"text":"absolute master","tr":[{"text":"полновластный хозяин"}]}]}]},{"text":"absolute","pos":"noun","ts":"ˈæbsəluːt","tr":[{"text":"абсолют","pos":"noun","gen":"м"}]}]}