{"head":{},"def":[{"text":"abstraction","pos":"noun","ts":"æbˈstrækʃn","tr":[{"text":"абстракция","pos":"noun","gen":"ж","syn":[{"text":"абстракционизм","pos":"noun","gen":"м"},{"text":"абстрагирование","pos":"noun","gen":"ср"}],"mean":[{"text":"abstract"},{"text":"abstractionism"}],"ex":[{"text":"level of abstraction","tr":[{"text":"уровень абстракции"}]}]},{"text":"отвлечение","pos":"noun","gen":"ср","syn":[{"text":"рассеянность","pos":"noun","gen":"ж"}],"mean":[{"text":"distraction"}]},{"text":"отведение","pos":"noun","gen":"ср","mean":[{"text":"lead"}]},{"text":"забор","pos":"noun","gen":"м","mean":[{"text":"fence"}],"ex":[{"text":"water abstraction","tr":[{"text":"забор воды"}]}]},{"text":"абстрактность","pos":"noun","gen":"ж","syn":[{"text":"отвлеченность","pos":"noun","gen":"ж"}],"mean":[{"text":"abstractness"}]},{"text":"абстрактное понятие","pos":"noun","mean":[{"text":"abstract concept"}]}]},{"text":"abstraction","pos":"adjective","ts":"æbˈstrækʃn","tr":[{"text":"абстрактный","pos":"adjective","mean":[{"text":"abstract"}]}]}]}