{"head":{},"def":[{"text":"abstinence","pos":"noun","ts":"ˈæbstɪnəns","tr":[{"text":"воздержание","pos":"noun","gen":"ср","syn":[{"text":"абстиненция","pos":"noun","gen":"ж"}],"mean":[{"text":"abstention"},{"text":"withdrawal"}],"ex":[{"text":"abstinence from food","tr":[{"text":"воздержание от пищи"}]},{"text":"period of abstinence","tr":[{"text":"период абстиненции"}]}]},{"text":"умеренность","pos":"noun","gen":"ж","syn":[{"text":"воздержанность","pos":"noun","gen":"ж"}],"mean":[{"text":"temperance"}]}]},{"text":"abstinence","pos":"adjective","ts":"ˈæbstɪnəns","tr":[{"text":"абстинентный","pos":"adjective","mean":[{"text":"withdrawal"}],"ex":[{"text":"abstinence syndrome","tr":[{"text":"абстинентный синдром"}]}]}]}]}