{"head":{},"def":[{"text":"abstract","pos":"adjective","ts":"ˈæbstrækt","tr":[{"text":"абстрактный","pos":"adjective","syn":[{"text":"отвлеченный","pos":"adjective"},{"text":"реферативный","pos":"adjective"}],"mean":[{"text":"abstraction"},{"text":"reference"}],"ex":[{"text":"abstract expressionism","tr":[{"text":"абстрактный экспрессионизм"}]},{"text":"abstract base class","tr":[{"text":"абстрактный базовый класс"}]},{"text":"abstract data type","tr":[{"text":"абстрактный тип данных"}]},{"text":"work of abstract art","tr":[{"text":"произведение абстрактного искусства"}]},{"text":"capacity for abstract thought","tr":[{"text":"способность к абстрактному мышлению"}]},{"text":"abstract information","tr":[{"text":"реферативная информация"}]}]}]},{"text":"abstract","pos":"noun","ts":"ˈæbstrækt","tr":[{"text":"резюме","pos":"noun","gen":"ср","syn":[{"text":"конспект","pos":"noun","gen":"м"},{"text":"аннотация","pos":"noun","gen":"ж"},{"text":"реферат","pos":"noun","gen":"м"},{"text":"автореферат","pos":"noun","gen":"м"}],"mean":[{"text":"summary"},{"text":"essay"},{"text":"autoabstract"}],"ex":[{"text":"short abstract","tr":[{"text":"краткое резюме"}]},{"text":"abstracts of articles","tr":[{"text":"рефераты статей"}]}]},{"text":"абстракция","pos":"noun","gen":"ж","mean":[{"text":"abstraction"}],"ex":[{"text":"abstract level","tr":[{"text":"уровень абстракции"}]}]},{"text":"выписка","pos":"noun","gen":"ж","syn":[{"text":"выдержка","pos":"noun","gen":"ж"},{"text":"извлечение","pos":"noun","gen":"ср"}],"mean":[{"text":"extract"}]}]},{"text":"abstract","pos":"verb","ts":"ˈæbstrækt","tr":[{"text":"абстрагировать","pos":"verb"},{"text":"резюмировать","pos":"verb","mean":[{"text":"summarize"}]}]}]}