{"head":{},"def":[{"text":"absurdity","pos":"noun","ts":"əbˈsɜːdɪtɪ","tr":[{"text":"абсурд","pos":"noun","gen":"м","syn":[{"text":"нелепость","pos":"noun","gen":"ж"},{"text":"абсурдность","pos":"noun","gen":"ж"},{"text":"бессмыслица","pos":"noun","gen":"ж"},{"text":"несуразность","pos":"noun","gen":"ж"},{"text":"несуразица","pos":"noun","gen":"ж"}],"mean":[{"text":"absurd"},{"text":"nonsense"},{"text":"awkwardness"}],"ex":[{"text":"logical absurdity","tr":[{"text":"логический абсурд"}]},{"text":"obvious absurdity","tr":[{"text":"очевидная нелепость"}]},{"text":"complete absurdity","tr":[{"text":"полная абсурдность"}]}]},{"text":"глупость","pos":"noun","gen":"ж","mean":[{"text":"stupidity"}]},{"text":"несообразность","pos":"noun","gen":"ж","mean":[{"text":"inconsistency"}]},{"text":"смехотворность","pos":"noun","gen":"ж","mean":[{"text":"ridiculousness"}]}]}]}