{"head":{},"def":[{"text":"abuse","pos":"noun","ts":"əˈbjuːs","tr":[{"text":"злоупотребление","pos":"noun","gen":"ср","syn":[{"text":"жестокое обращение","pos":"noun"},{"text":"надругательство","pos":"noun","gen":"ср"},{"text":"издевательство","pos":"noun","gen":"ср"},{"text":"плохое обращение","pos":"noun"}],"mean":[{"text":"misuse"},{"text":"mistreatment"},{"text":"outrage"},{"text":"harassment"}],"ex":[{"text":"abuse of power","tr":[{"text":"злоупотребление властью"}]},{"text":"abuse of official authority","tr":[{"text":"злоупотребление служебными полномочиями"}]},{"text":"child sex abuse","tr":[{"text":"сексуальное надругательство над ребенком"}]},{"text":"animal abuse","tr":[{"text":"издевательство над животными"}]}]},{"text":"оскорбление","pos":"noun","gen":"ср","syn":[{"text":"брань","pos":"noun","gen":"ж"},{"text":"ругань","pos":"noun","gen":"ж"}],"mean":[{"text":"insult"},{"text":"swearing"}],"ex":[{"text":"spiritual abuse","tr":[{"text":"духовная брань"}]}]},{"text":"изнасилование","pos":"noun","gen":"ср","syn":[{"text":"насилие","pos":"noun","gen":"ср"}],"mean":[{"text":"rape"},{"text":"violence"}],"ex":[{"text":"victims of sexual abuse","tr":[{"text":"жертвы сексуального насилия"}]},{"text":"physical abuse","tr":[{"text":"физическое насилие"}]}]},{"text":"нарушение","pos":"noun","gen":"ср","mean":[{"text":"violation"}],"ex":[{"text":"serious abuses","tr":[{"text":"серьезные нарушения"}]}]},{"text":"произвол","pos":"noun","gen":"м","mean":[{"text":"arbitrariness"}],"ex":[{"text":"police abuse","tr":[{"text":"полицейский произвол"}]}]},{"text":"токсикомания","pos":"noun","gen":"ж","mean":[{"text":"substance abuse"}]}]},{"text":"abuse","pos":"verb","ts":"əˈbjuːs","tr":[{"text":"злоупотреблять","pos":"verb","asp":"несов","syn":[{"text":"злоупотребить","pos":"verb","asp":"сов"}],"mean":[{"text":"misuse"}]},{"text":"ругать","pos":"verb","asp":"несов","syn":[{"text":"оскорблять","pos":"verb","asp":"несов"},{"text":"поносить","pos":"verb"}],"mean":[{"text":"scold"},{"text":"insult"},{"text":"revile"}]},{"text":"жестоко обращаться","pos":"verb","syn":[{"text":"плохо обращаться","pos":"verb"}],"mean":[{"text":"mistreat"}]},{"text":"бесчестить","pos":"verb","asp":"несов","mean":[{"text":"dishonor"}]}]}]}