{"head":{},"def":[{"text":"abusive","pos":"adjective","ts":"əˈbjuːsɪv","tr":[{"text":"оскорбительный","pos":"adjective","syn":[{"text":"ругательный","pos":"adjective"},{"text":"матерный","pos":"adjective"},{"text":"унизительный","pos":"adjective"}],"mean":[{"text":"offensive"},{"text":"vituperative"},{"text":"obscene"},{"text":"humiliating"}],"ex":[{"text":"abusive speech","tr":[{"text":"оскорбительная речь"}]}]},{"text":"жестокий","pos":"adjective","syn":[{"text":"насильственный","pos":"adjective"}],"mean":[{"text":"cruel"},{"text":"violent"}],"ex":[{"text":"abusive treatment","tr":[{"text":"жестокое обращение"}]},{"text":"abusive behaviour","tr":[{"text":"насильственное поведение"}]}]},{"text":"неправомочный","pos":"adjective","mean":[{"text":"unauthorized"}]}]},{"text":"abusive","pos":"participle","ts":"əˈbjuːsɪv","tr":[{"text":"бранный","pos":"participle","mean":[{"text":"vituperative"}]},{"text":"злоупотребляющий","pos":"participle","mean":[{"text":"abusing"}]},{"text":"оскорбляющий","pos":"participle","mean":[{"text":"insulting"}]}]}]}