{"head":{},"def":[{"text":"abyss","pos":"noun","ts":"əˈbɪs","tr":[{"text":"бездна","pos":"noun","gen":"ж","syn":[{"text":"пропасть","pos":"noun","gen":"ж"},{"text":"пучина","pos":"noun","gen":"ж"},{"text":"хлябь","pos":"noun","gen":"ж"}],"mean":[{"text":"chasm"},{"text":"precipice"},{"text":"depth"}],"ex":[{"text":"dark abyss","tr":[{"text":"темная бездна"}]},{"text":"bottomless abyss","tr":[{"text":"бездонная пропасть"}]},{"text":"abyss of time","tr":[{"text":"пучина времени"}]}]}]}]}