{"head":{},"def":[{"text":"academia","pos":"noun","ts":"ækɪˈdiːmɪə","tr":[{"text":"научное сообщество","pos":"noun","syn":[{"text":"научные круги","pos":"noun"},{"text":"академические круги","pos":"noun"}],"mean":[{"text":"scientific community"}]},{"text":"академия","pos":"noun","gen":"ж","mean":[{"text":"academy"}]}]},{"text":"academia","pos":"adjective","ts":"ækɪˈdiːmɪə","tr":[{"text":"академический","pos":"adjective","mean":[{"text":"academic"}]}]}]}