{"head":{},"def":[{"text":"academic","pos":"adjective","ts":"ækəˈdemɪk","tr":[{"text":"академический","pos":"adjective","syn":[{"text":"учебный","pos":"adjective"},{"text":"академичный","pos":"adjective"}],"mean":[{"text":"academia"},{"text":"educational"}],"ex":[{"text":"academic freedom","tr":[{"text":"академическая свобода"}]},{"text":"academic high school","tr":[{"text":"академический лицей"}]},{"text":"state academic drama theatre","tr":[{"text":"государственный академический драматический театр"}]},{"text":"academic medical center","tr":[{"text":"академический медицинский центр"}]},{"text":"new academic year","tr":[{"text":"новый учебный год"}]}]},{"text":"ученый","pos":"adjective","syn":[{"text":"научный","pos":"adjective"}],"mean":[{"text":"scholarly"},{"text":"scientific"}],"ex":[{"text":"have an academic degree","tr":[{"text":"иметь ученую степень"}]},{"text":"international academic conference","tr":[{"text":"международная научная конференция"}]},{"text":"academic staff members","tr":[{"text":"научных сотрудников"}]},{"text":"various academic institutions","tr":[{"text":"различные научные учреждения"}]}]},{"text":"университетский","pos":"adjective","mean":[{"text":"university"}],"ex":[{"text":"academic community","tr":[{"text":"университетское сообщество"}]}]}]},{"text":"academic","pos":"noun","ts":"ækəˈdemɪk","tr":[{"text":"академик","pos":"noun","gen":"м","mean":[{"text":"academician"}],"ex":[{"text":"future academic","tr":[{"text":"будущий академик"}]}]},{"text":"преподаватель","pos":"noun","gen":"м","mean":[{"text":"teacher"}],"ex":[{"text":"senior academic","tr":[{"text":"старший преподаватель"}]}]}]}]}