{"head":{},"def":[{"text":"accelerator","pos":"noun","ts":"əkˈseləreɪtə","tr":[{"text":"ускоритель","pos":"noun","gen":"м","syn":[{"text":"акселератор","pos":"noun","gen":"м"}],"mean":[{"text":"booster"}],"ex":[{"text":"plasma accelerator","tr":[{"text":"плазменный ускоритель"}]},{"text":"graphics accelerator","tr":[{"text":"графический акселератор"}]}]},{"text":"педаль газа","pos":"noun","mean":[{"text":"gas pedal"}]},{"text":"катализатор","pos":"noun","gen":"м","mean":[{"text":"catalyst"}]},{"text":"газ","pos":"noun","gen":"м","mean":[{"text":"gas"}]}]},{"text":"accelerator","pos":"adjective","ts":"əkˈseləreɪtə","tr":[{"text":"ускорительный","pos":"adjective","mean":[{"text":"accelerating"}],"ex":[{"text":"accelerator complex","tr":[{"text":"ускорительный комплекс"}]}]}]}]}