{"head":{},"def":[{"text":"acceptance","pos":"noun","ts":"əkˈseptəns","tr":[{"text":"принятие","pos":"noun","gen":"ср","syn":[{"text":"признание","pos":"noun","gen":"ср"},{"text":"акцепт","pos":"noun","gen":"м"},{"text":"акцептование","pos":"noun","gen":"ср"}],"mean":[{"text":"adoption"},{"text":"recognition"},{"text":"accepting"}],"ex":[{"text":"acceptance of this law","tr":[{"text":"принятие этого закона"}]},{"text":"acceptance of new members","tr":[{"text":"принятие новых членов"}]},{"text":"acceptance of human rights","tr":[{"text":"признание прав человека"}]},{"text":"banker's acceptance","tr":[{"text":"банковский акцепт"}]}]},{"text":"прием","pos":"noun","gen":"м","syn":[{"text":"приемка","pos":"noun","gen":"ж"},{"text":"получение","pos":"noun","gen":"ср"}],"mean":[{"text":"reception"},{"text":"receipt"}],"ex":[{"text":"documents acceptance","tr":[{"text":"прием документов"}]},{"text":"final acceptance","tr":[{"text":"окончательная приемка"}]}]},{"text":"одобрение","pos":"noun","gen":"ср","syn":[{"text":"согласие","pos":"noun","gen":"ср"}],"mean":[{"text":"approval"},{"text":"consent"}],"ex":[{"text":"social acceptance","tr":[{"text":"социальное одобрение"}]},{"text":"written acceptance","tr":[{"text":"письменное согласие"}]}]},{"text":"приятие","pos":"noun","gen":"ср","ex":[{"text":"total acceptance","tr":[{"text":"полное приятие"}]}]},{"text":"приемлемость","pos":"noun","gen":"ж","mean":[{"text":"acceptability"}]},{"text":"восприятие","pos":"noun","gen":"ср","mean":[{"text":"perception"}],"ex":[{"text":"passive acceptance","tr":[{"text":"пассивное восприятие"}]}]}]},{"text":"acceptance","pos":"adjective","ts":"əkˈseptəns","tr":[{"text":"приемочный","pos":"adjective","ex":[{"text":"acceptance test","tr":[{"text":"приемочное испытание"}]},{"text":"state acceptance commission","tr":[{"text":"государственная приемочная комиссия"}]}]},{"text":"приемный","pos":"adjective","mean":[{"text":"reception"}]}]}]}