{"head":{},"def":[{"text":"acceleration","pos":"noun","ts":"əkseləˈreɪʃn","tr":[{"text":"ускорение","pos":"noun","gen":"ср","syn":[{"text":"разгон","pos":"noun","gen":"м"}],"mean":[{"text":"accelerate"},{"text":"dispersal"}],"ex":[{"text":"hardware acceleration","tr":[{"text":"аппаратное ускорение"}]},{"text":"acceleration in economic growth","tr":[{"text":"ускорение темпов экономического роста"}]},{"text":"acceleration of this process","tr":[{"text":"ускорение этого процесса"}]},{"text":"acceleration time","tr":[{"text":"время разгона"}]}]},{"text":"акселерация","pos":"noun","gen":"ж"}]}]}