{"head":{},"def":[{"text":"accede","pos":"verb","ts":"ækˈsiːd","tr":[{"text":"присоединяться","pos":"verb","asp":"несов","syn":[{"text":"вступать","pos":"verb","asp":"несов"},{"text":"присоединиться","pos":"verb","asp":"сов"},{"text":"вступить","pos":"verb","asp":"сов"}],"mean":[{"text":"join"},{"text":"enter"}],"ex":[{"text":"acceding state","tr":[{"text":"присоединившееся государство"}]}]},{"text":"соглашаться","pos":"verb","asp":"несов","syn":[{"text":"согласиться","pos":"verb","asp":"сов"}],"mean":[{"text":"agree"}]},{"text":"принимать","pos":"verb","asp":"несов","mean":[{"text":"accept"}]}]}]}