{"head":{},"def":[{"text":"acceptor","pos":"noun","ts":"əkˈseptə","tr":[{"text":"акцептор","pos":"noun","gen":"м","mean":[{"text":"scavenger"}],"ex":[{"text":"acid acceptor","tr":[{"text":"акцептор кислоты"}]}]},{"text":"акцептант","pos":"noun","gen":"м"}]},{"text":"acceptor","pos":"adjective","ts":"əkˈseptə","tr":[{"text":"акцепторный","pos":"adjective","ex":[{"text":"acceptor molecule","tr":[{"text":"акцепторная молекула"}]}]}]}]}