{"head":{},"def":[{"text":"accepted","pos":"adjective","ts":"əkˈseptɪd","tr":[{"text":"общепринятый","pos":"adjective","mean":[{"text":"conventional"}]}]},{"text":"accepted","pos":"participle","ts":"əkˈseptɪd","tr":[{"text":"признанный","pos":"participle","syn":[{"text":"допущенный","pos":"participle"},{"text":"признаваемый","pos":"participle"}],"mean":[{"text":"recognized"},{"text":"admitted"}]},{"text":"акцептованный","pos":"participle"},{"text":"принимаемый","pos":"participle","syn":[{"text":"воспринятый","pos":"participle"}],"mean":[{"text":"taken"},{"text":"perceived"}]}]}]}