{"head":{},"def":[{"text":"accelerating","pos":"adjective","ts":"əkˈseləreɪtɪŋ","tr":[{"text":"ускорительный","pos":"adjective","mean":[{"text":"accelerator"}],"ex":[{"text":"accelerating tube","tr":[{"text":"ускорительная трубка"}]}]},{"text":"разгонный","pos":"adjective"}]},{"text":"accelerating","pos":"participle","ts":"əkˈseləreɪtɪŋ","tr":[{"text":"ускоряющий","pos":"participle"},{"text":"ускоряющийся","pos":"participle","mean":[{"text":"accelerated"}]}]},{"text":"accelerating","pos":"noun","ts":"əkˈseləreɪtɪŋ","tr":[{"text":"ускорение","pos":"noun","gen":"ср","mean":[{"text":"accelerate"}],"ex":[{"text":"accelerating progress","tr":[{"text":"ускорение прогресса"}]}]}]}]}