{"head":{},"def":[{"text":"accessible","pos":"adjective","ts":"əkˈsesəbl","tr":[{"text":"доступный","pos":"adjective","syn":[{"text":"понятный","pos":"adjective"}],"mean":[{"text":"available"},{"text":"understandable"}],"ex":[{"text":"easily accessible","tr":[{"text":"легко доступный"}]}]},{"text":"общедоступный","pos":"adjective","mean":[{"text":"publicly available"}],"ex":[{"text":"accessible source","tr":[{"text":"общедоступный источник"}]}]},{"text":"достижимый","pos":"adjective","syn":[{"text":"досягаемый","pos":"adjective"}],"mean":[{"text":"attainable"}]}]}]}