{"head":{},"def":[{"text":"access","pos":"noun","ts":"ˈækses","tr":[{"text":"доступ","pos":"noun","gen":"м","syn":[{"text":"доступность","pos":"noun","gen":"ж"}],"mean":[{"text":"accessibility"},{"text":"availability"}],"ex":[{"text":"access level","tr":[{"text":"уровень доступа"}]},{"text":"access control system","tr":[{"text":"система контроля доступа"}]},{"text":"remote access server","tr":[{"text":"сервер удаленного доступа"}]},{"text":"average access time","tr":[{"text":"среднее время доступа"}]},{"text":"have full access","tr":[{"text":"иметь полный доступ"}]},{"text":"client access license","tr":[{"text":"клиентская лицензия доступа"}]},{"text":"prevent unauthorized access","tr":[{"text":"предотвращать несанкционированный доступ"}]},{"text":"access to mobile phones","tr":[{"text":"доступ к мобильным телефонам"}]},{"text":"access right","tr":[{"text":"право доступа"}]},{"text":"easy access","tr":[{"text":"легкая доступность"}]}]},{"text":"обращение","pos":"noun","gen":"ср","mean":[{"text":"address"}]},{"text":"право доступа","pos":"noun","mean":[{"text":"permission"}]},{"text":"проход","pos":"noun","gen":"м","syn":[{"text":"выход","pos":"noun","gen":"м"},{"text":"вход","pos":"noun","gen":"м"}],"mean":[{"text":"passage"},{"text":"exit"},{"text":"entrance"}],"ex":[{"text":"access to sea","tr":[{"text":"выход к морю"}]},{"text":"separate access","tr":[{"text":"отдельный вход"}]}]},{"text":"подход","pos":"noun","gen":"м","mean":[{"text":"approach"}],"ex":[{"text":"convenient access","tr":[{"text":"удобный подход"}]}]},{"text":"допуск","pos":"noun","gen":"м","mean":[{"text":"admission"}],"ex":[{"text":"unhindered access","tr":[{"text":"беспрепятственный допуск"}]}]},{"text":"приступ","pos":"noun","gen":"м","mean":[{"text":"attack"}]}]},{"text":"access","pos":"verb","ts":"ˈækses","tr":[{"text":"получить доступ","pos":"verb","syn":[{"text":"иметь доступ","pos":"verb"}],"mean":[{"text":"gain access"},{"text":"have access"}]}]},{"text":"access","pos":"adjective","ts":"ˈækses","tr":[{"text":"доступный","pos":"adjective","mean":[{"text":"available"}]}]}]}