{"head":{},"def":[{"text":"accept","pos":"verb","ts":"əkˈsept","tr":[{"text":"принимать","pos":"verb","asp":"несов","syn":[{"text":"брать","pos":"verb","asp":"несов"},{"text":"принять","pos":"verb","asp":"сов"},{"text":"воспринимать","pos":"verb","asp":"несов"},{"text":"воспринять","pos":"verb","asp":"сов"}],"mean":[{"text":"take"},{"text":"perceive"}],"ex":[{"text":"accept new members","tr":[{"text":"принимать новых членов"}]},{"text":"accept bribes","tr":[{"text":"брать взятки"}]},{"text":"accepted decision","tr":[{"text":"принятое решение"}]},{"text":"accept criticism","tr":[{"text":"воспринимать критику"}]}]},{"text":"признавать","pos":"verb","asp":"несов","syn":[{"text":"признать","pos":"verb","asp":"сов"}],"mean":[{"text":"recognize"}],"ex":[{"text":"accept reality","tr":[{"text":"признавать реальность"}]},{"text":"accept the facts","tr":[{"text":"признать факты"}]}]},{"text":"соглашаться","pos":"verb","asp":"несов","syn":[{"text":"мириться","pos":"verb","asp":"несов"},{"text":"согласиться","pos":"verb","asp":"сов"}],"mean":[{"text":"agree"},{"text":"put up"}],"ex":[{"text":"accept the position","tr":[{"text":"согласиться с позицией"}]}]},{"text":"допускать","pos":"verb","asp":"несов","syn":[{"text":"допустить","pos":"verb","asp":"сов"}],"mean":[{"text":"admit"}]},{"text":"акцептовать","pos":"verb"},{"text":"устраивать","pos":"verb","asp":"несов","mean":[{"text":"arrange"}]}]}]}