{"head":{},"def":[{"text":"accessibility","pos":"noun","ts":"əksesɪˈbɪlɪtɪ","tr":[{"text":"доступность","pos":"noun","gen":"ж","syn":[{"text":"общедоступность","pos":"noun","gen":"ж"},{"text":"доступ","pos":"noun","gen":"м"}],"mean":[{"text":"availability"},{"text":"access"}],"ex":[{"text":"transport accessibility","tr":[{"text":"транспортная доступность"}]},{"text":"accessibility of health care","tr":[{"text":"доступность медицинской помощи"}]},{"text":"easy accessibility","tr":[{"text":"легкий доступ"}]}]}]}]}