{"head":{},"def":[{"text":"accessory","pos":"noun","ts":"əkˈsesərɪ","tr":[{"text":"принадлежность","pos":"noun","gen":"ж","mean":[{"text":"belonging"}],"ex":[{"text":"bathroom accessories","tr":[{"text":"ванные принадлежности"}]}]},{"text":"арматура","pos":"noun","gen":"ж","mean":[{"text":"fitting"}],"ex":[{"text":"pipeline accessories","tr":[{"text":"трубопроводная арматура"}]}]},{"text":"аксессуары","pos":"noun","gen":"м","syn":[{"text":"принадлежности","pos":"noun","gen":"ж"},{"text":"аксессуар","pos":"noun","gen":"м"},{"text":"вспомогательное оборудование","pos":"noun"}],"mean":[{"text":"accessories"},{"text":"enhancement"}],"ex":[{"text":"fashion accessory","tr":[{"text":"модный аксессуар"}]},{"text":"accessories for mobile phones","tr":[{"text":"аксессуары для мобильных телефонов"}]}]},{"text":"приспособление","pos":"noun","gen":"ср","mean":[{"text":"fixture"}],"ex":[{"text":"optional accessory","tr":[{"text":"дополнительное приспособление"}]}]},{"text":"оснастка","pos":"noun","gen":"ж","mean":[{"text":"equipment"}]},{"text":"соучастник","pos":"noun","gen":"м","mean":[{"text":"partner"}],"ex":[{"text":"accessory to the crime","tr":[{"text":"соучастник преступления"}]}]}]},{"text":"accessory","pos":"adjective","ts":"əkˈsesərɪ","tr":[{"text":"вспомогательный","pos":"adjective","syn":[{"text":"дополнительный","pos":"adjective"},{"text":"добавочный","pos":"adjective"}],"mean":[{"text":"auxiliary"},{"text":"extra"},{"text":"additional"}],"ex":[{"text":"accessory equipment","tr":[{"text":"вспомогательное оборудование"}]}]},{"text":"акцессорный","pos":"adjective"},{"text":"второстепенный","pos":"adjective","mean":[{"text":"secondary"}]}]}]}