{"head":{},"def":[{"text":"accent","pos":"noun","ts":"ˈæksənt","tr":[{"text":"акцент","pos":"noun","gen":"м","syn":[{"text":"ударение","pos":"noun","gen":"ср"},{"text":"упор","pos":"noun","gen":"м"},{"text":"внимание","pos":"noun","gen":"ср"}],"mean":[{"text":"emphasis"},{"text":"attention"}],"ex":[{"text":"foreign accent","tr":[{"text":"иностранный акцент"}]},{"text":"heavy french accent","tr":[{"text":"сильный французский акцент"}]},{"text":"eastern european accent","tr":[{"text":"восточноевропейский акцент"}]},{"text":"grave accent","tr":[{"text":"тупое ударение"}]}]},{"text":"произношение","pos":"noun","gen":"ср","mean":[{"text":"pronunciation"}]},{"text":"тон","pos":"noun","gen":"м","mean":[{"text":"tone"}]},{"text":"знак ударения","pos":"noun","mean":[{"text":"accent mark"}]},{"text":"язык","pos":"noun","gen":"м","mean":[{"text":"tongue"}]},{"text":"речь","pos":"noun","gen":"ж","mean":[{"text":"speech"}]}]},{"text":"accent","pos":"verb","ts":"ˈæksənt","tr":[{"text":"акцентировать","pos":"verb","syn":[{"text":"подчеркивать","pos":"verb","asp":"несов"}],"mean":[{"text":"accentuate"},{"text":"emphasize"}]}]}]}