{"head":{},"def":[{"text":"accelerate","pos":"verb","ts":"əkˈseləreɪt","tr":[{"text":"ускорять","pos":"verb","asp":"несов","syn":[{"text":"ускоряться","pos":"verb","asp":"несов"},{"text":"ускорить","pos":"verb","asp":"сов"},{"text":"ускориться","pos":"verb","asp":"сов"}],"mean":[{"text":"speed up"},{"text":"expedite"}],"ex":[{"text":"accelerate the process","tr":[{"text":"ускорять процесс"}]},{"text":"accelerated motion","tr":[{"text":"ускоренное движение"}]},{"text":"accelerated economic growth","tr":[{"text":"ускоренный экономический рост"}]},{"text":"accelerated graphics port","tr":[{"text":"ускоренный графический порт"}]}]},{"text":"активизировать","pos":"verb","mean":[{"text":"intensify"}]}]}]}