{"head":{},"def":[{"text":"accession","pos":"noun","ts":"ækˈseʃn","tr":[{"text":"вступление","pos":"noun","gen":"ср","syn":[{"text":"присоединение","pos":"noun","gen":"ср"}],"mean":[{"text":"entry"},{"text":"joining"}],"ex":[{"text":"accession negotiations","tr":[{"text":"переговоры о вступлении"}]},{"text":"instrument of accession","tr":[{"text":"документ о присоединении"}]}]},{"text":"доступ","pos":"noun","gen":"м","mean":[{"text":"admission"}]},{"text":"прирост","pos":"noun","gen":"м","mean":[{"text":"growth"}]},{"text":"пополнение","pos":"noun","gen":"ср","mean":[{"text":"replenishment"}]},{"text":"воцарение","pos":"noun","gen":"ср","mean":[{"text":"enthronement"}]}]}]}