{"head":{},"def":[{"text":"acceptable","pos":"adjective","ts":"əkˈseptəbl","tr":[{"text":"приемлемый","pos":"adjective","syn":[{"text":"допустимый","pos":"adjective"}],"mean":[{"text":"reasonable"},{"text":"permissible"}],"ex":[{"text":"acceptable risk level","tr":[{"text":"приемлемый уровень риска"}]},{"text":"acceptable price","tr":[{"text":"приемлемая цена"}]},{"text":"acceptable use policy","tr":[{"text":"политика допустимого использования"}]},{"text":"acceptable daily intake","tr":[{"text":"допустимое суточное поступление"}]}]},{"text":"удовлетворительный","pos":"adjective","mean":[{"text":"satisfactory"}]},{"text":"приятный","pos":"adjective","mean":[{"text":"pleasant"}]},{"text":"желанный","pos":"adjective","mean":[{"text":"desirable"}]}]},{"text":"acceptable","pos":"participle","ts":"əkˈseptəbl","tr":[{"text":"подходящий","pos":"participle","mean":[{"text":"suitable"}]},{"text":"допускаемый","pos":"participle","mean":[{"text":"permissible"}]}]}]}