{"head":{},"def":[{"text":"accidental","pos":"adjective","ts":"æksɪˈdentl","tr":[{"text":"случайный","pos":"adjective","syn":[{"text":"непреднамеренный","pos":"adjective"}],"mean":[{"text":"random"},{"text":"unintentional"}],"ex":[{"text":"accidental damage","tr":[{"text":"случайное повреждение"}]}]},{"text":"второстепенный","pos":"adjective","mean":[{"text":"secondary"}]},{"text":"аварийный","pos":"adjective","mean":[{"text":"emergency"}],"ex":[{"text":"accidental pollution","tr":[{"text":"аварийное загрязнение"}]}]}]},{"text":"accidental","pos":"noun","ts":"æksɪˈdentl","tr":[{"text":"случайность","pos":"noun","gen":"ж","mean":[{"text":"accident"}]}]}]}