{"head":{},"def":[{"text":"acclaim","pos":"verb","ts":"əˈkleɪm","tr":[{"text":"провозглашать","pos":"verb","asp":"несов","syn":[{"text":"провозгласить","pos":"verb","asp":"сов"}],"mean":[{"text":"proclaim"}]},{"text":"приветствовать","pos":"verb","asp":"несов","mean":[{"text":"greet"}]},{"text":"бурно приветствовать","pos":"verb"}]},{"text":"acclaim","pos":"noun","ts":"əˈkleɪm","tr":[{"text":"признание","pos":"noun","gen":"ср","syn":[{"text":"известность","pos":"noun","gen":"ж"}],"mean":[{"text":"recognition"},{"text":"fame"}],"ex":[{"text":"worldwide acclaim","tr":[{"text":"всемирное признание"}]},{"text":"international acclaim","tr":[{"text":"международная известность"}]}]}]}]}