{"head":{},"def":[{"text":"accountancy","pos":"noun","ts":"əˈkaʊntənsɪ","tr":[{"text":"бухгалтерский учет","pos":"noun","syn":[{"text":"бухгалтерия","pos":"noun","gen":"ж"},{"text":"бухгалтерское дело","pos":"noun"},{"text":"отчетность","pos":"noun","gen":"ж"},{"text":"бухучет","pos":"noun","gen":"м"}],"mean":[{"text":"accounting"}]},{"text":"счетоводство","pos":"noun","gen":"ср","mean":[{"text":"bookkeeping"}]}]},{"text":"accountancy","pos":"adjective","ts":"əˈkaʊntənsɪ","tr":[{"text":"бухгалтерский","pos":"adjective","mean":[{"text":"accounting"}],"ex":[{"text":"accountancy firm","tr":[{"text":"бухгалтерская фирма"}]}]}]}]}