{"head":{},"def":[{"text":"accordingly","pos":"adverb","ts":"əˈkɔːdɪŋlɪ","tr":[{"text":"соответственно","pos":"adverb","mean":[{"text":"respectively"}]},{"text":"так","pos":"adverb","mean":[{"text":"so"}]},{"text":"в соответствии","pos":"adverb","mean":[{"text":"in accordance"}]}]},{"text":"accordingly","pos":"parenthetic","ts":"əˈkɔːdɪŋlɪ","tr":[{"text":"следовательно","pos":"parenthetic","mean":[{"text":"therefore"}]}]},{"text":"accordingly","pos":"adjective","ts":"əˈkɔːdɪŋlɪ","tr":[{"text":"соответствующий","pos":"adjective","mean":[{"text":"relevant"}]}]},{"text":"accordingly","pos":"conjunction","ts":"əˈkɔːdɪŋlɪ","tr":[{"text":"поэтому","pos":"conjunction","mean":[{"text":"therefore"}]}]}]}