{"head":{},"def":[{"text":"accomplishment","pos":"noun","ts":"əˈkɔmplɪʃmənt","tr":[{"text":"достижение","pos":"noun","gen":"ср","syn":[{"text":"успех","pos":"noun","gen":"м"},{"text":"свершение","pos":"noun","gen":"ср"}],"mean":[{"text":"achievement"},{"text":"success"}],"ex":[{"text":"recent accomplishments","tr":[{"text":"последние достижения"}]},{"text":"significant accomplishments","tr":[{"text":"значительные успехи"}]},{"text":"great accomplishments","tr":[{"text":"великие свершения"}]}]},{"text":"выполнение","pos":"noun","gen":"ср","syn":[{"text":"завершение","pos":"noun","gen":"ср"},{"text":"исполнение","pos":"noun","gen":"ср"},{"text":"осуществление","pos":"noun","gen":"ср"}],"mean":[{"text":"execution"},{"text":"completion"},{"text":"realization"}],"ex":[{"text":"record of accomplishment","tr":[{"text":"показатель выполнения"}]}]},{"text":"благоустройство","pos":"noun","gen":"ср","mean":[{"text":"improvement"}],"ex":[{"text":"level of accomplishment","tr":[{"text":"уровень благоустройства"}]}]},{"text":"совершение","pos":"noun","gen":"ср","mean":[{"text":"fulfilment"}]},{"text":"заслуга","pos":"noun","gen":"ж","mean":[{"text":"merit"}],"ex":[{"text":"scientific accomplishments","tr":[{"text":"научные заслуги"}]}]},{"text":"образованность","pos":"noun","gen":"ж","mean":[{"text":"erudition"}]},{"text":"воспитание","pos":"noun","gen":"ср","mean":[{"text":"upbringing"}]}]}]}