{"head":{},"def":[{"text":"accompany","pos":"verb","ts":"əˈkʌmpənɪ","tr":[{"text":"сопровождать","pos":"verb","asp":"несов","syn":[{"text":"сопроводить","pos":"verb","asp":"сов"},{"text":"сопутствовать","pos":"verb","asp":"несов"},{"text":"провожать","pos":"verb","asp":"несов"},{"text":"аккомпанировать","pos":"verb","asp":"несов"}],"mean":[{"text":"escort"},{"text":"attend"}],"ex":[{"text":"accompanied baggage","tr":[{"text":"сопровождаемый багаж"}]}]},{"text":"проводить","pos":"verb","mean":[{"text":"conduct"}]}]}]}