{"head":{},"def":[{"text":"accountability","pos":"noun","ts":"əkaʊntəˈbɪlɪtɪ","tr":[{"text":"подотчетность","pos":"noun","gen":"ж","syn":[{"text":"отчетность","pos":"noun","gen":"ж"}],"mean":[{"text":"accountable"},{"text":"report"}],"ex":[{"text":"legal accountability","tr":[{"text":"юридическая подотчетность"}]},{"text":"full accountability","tr":[{"text":"полная отчетность"}]}]},{"text":"ответственность","pos":"noun","gen":"ж","mean":[{"text":"responsibility"}],"ex":[{"text":"property accountability","tr":[{"text":"имущественная ответственность"}]}]}]}]}