{"head":{},"def":[{"text":"accompaniment","pos":"noun","ts":"əˈkʌmpənɪmənt","tr":[{"text":"сопровождение","pos":"noun","gen":"ср","syn":[{"text":"аккомпанемент","pos":"noun","gen":"м"}],"mean":[{"text":"escort"}],"ex":[{"text":"sound accompaniment","tr":[{"text":"звуковое сопровождение"}]},{"text":"auto accompaniment","tr":[{"text":"автоматический аккомпанемент"}]}]},{"text":"дополнение","pos":"noun","gen":"ср","mean":[{"text":"addition"}],"ex":[{"text":"natural accompaniment","tr":[{"text":"естественное дополнение"}]}]}]}]}