{"head":{},"def":[{"text":"accommodating","pos":"adjective","ts":"əˈkɔmədeɪtɪŋ","tr":[{"text":"любезный","pos":"adjective","syn":[{"text":"услужливый","pos":"adjective"}],"mean":[{"text":"amiable"},{"text":"helpful"}]},{"text":"сговорчивый","pos":"adjective","syn":[{"text":"уступчивый","pos":"adjective"}],"mean":[{"text":"amenable"},{"text":"compliant"}]},{"text":"уживчивый","pos":"adjective"}]},{"text":"accommodating","pos":"participle","ts":"əˈkɔmədeɪtɪŋ","tr":[{"text":"вмещающий","pos":"participle"},{"text":"приспосабливающийся","pos":"participle","mean":[{"text":"adaptive"}]},{"text":"размещающий","pos":"participle","mean":[{"text":"placing"}]}]},{"text":"accommodating","pos":"noun","ts":"əˈkɔmədeɪtɪŋ","tr":[{"text":"размещение","pos":"noun","gen":"ср","mean":[{"text":"accommodation"}]}]}]}