{"head":{},"def":[{"text":"accompanying","pos":"noun","ts":"əˈkʌmpənɪɪŋ","tr":[{"text":"сопровождающий","pos":"noun","mean":[{"text":"escort"}]},{"text":"сопровождение","pos":"noun","gen":"ср","mean":[{"text":"support"}],"ex":[{"text":"accompanying sound","tr":[{"text":"звуковое сопровождение"}]}]}]},{"text":"accompanying","pos":"participle","ts":"əˈkʌmpənɪɪŋ","tr":[{"text":"сопутствующий","pos":"participle","mean":[{"text":"attendant"}]},{"text":"сопровождающийся","pos":"participle","syn":[{"text":"сопровождаемый","pos":"participle"}],"mean":[{"text":"involving"},{"text":"accompanied"}]}]},{"text":"accompanying","pos":"adjective","ts":"əˈkʌmpənɪɪŋ","tr":[{"text":"сопроводительный","pos":"adjective","mean":[{"text":"covering"}],"ex":[{"text":"accompanying document","tr":[{"text":"сопроводительный документ"}]}]},{"text":"попутный","pos":"adjective","mean":[{"text":"associated"}],"ex":[{"text":"accompanying gas","tr":[{"text":"попутный газ"}]}]}]}]}