{"head":{},"def":[{"text":"accommodation","pos":"noun","ts":"əkɔməˈdeɪʃn","tr":[{"text":"жилье","pos":"noun","gen":"ср","syn":[{"text":"размещение","pos":"noun","gen":"ср"},{"text":"проживание","pos":"noun","gen":"ср"},{"text":"ночлег","pos":"noun","gen":"м"}],"mean":[{"text":"housing"},{"text":"placement"},{"text":"residence"},{"text":"bed"}],"ex":[{"text":"quality accommodation","tr":[{"text":"качественное жилье"}]},{"text":"type of accommodation","tr":[{"text":"тип размещения"}]},{"text":"comfortable accommodation","tr":[{"text":"комфортное проживание"}]}]},{"text":"помещение","pos":"noun","gen":"ср","syn":[{"text":"место","pos":"noun","gen":"ср"}],"mean":[{"text":"room"},{"text":"place"}],"ex":[{"text":"living accommodation","tr":[{"text":"жилое помещение"}]}]},{"text":"приспособление","pos":"noun","gen":"ср","mean":[{"text":"adaptation"}],"ex":[{"text":"reasonable accommodation","tr":[{"text":"разумное приспособление"}]}]},{"text":"удобство","pos":"noun","gen":"ср","mean":[{"text":"convenience"}]},{"text":"аккомодация","pos":"noun","gen":"ж","ex":[{"text":"spasm of accommodation","tr":[{"text":"спазм аккомодации"}]}]},{"text":"компромисс","pos":"noun","gen":"м","mean":[{"text":"compromise"}],"ex":[{"text":"mutual accommodation","tr":[{"text":"взаимный компромисс"}]}]},{"text":"приют","pos":"noun","gen":"м","syn":[{"text":"убежище","pos":"noun","gen":"ср"}],"mean":[{"text":"shelter"}]},{"text":"согласование","pos":"noun","gen":"ср","syn":[{"text":"соглашение","pos":"noun","gen":"ср"}],"mean":[{"text":"agreement"}]}]}]}