{"head":{},"def":[{"text":"according","pos":"adverb","ts":"əˈkɔːdɪŋ","tr":[{"text":"в зависимости от","pos":"adverb","syn":[{"text":"в зависимости","pos":"adverb"}],"mean":[{"text":"according to"},{"text":"in dependence"}]},{"text":"в соответствии","pos":"adverb","mean":[{"text":"in accordance"}]},{"text":"по мнению","pos":"adverb","mean":[{"text":"according to"}]},{"text":"как","pos":"adverb","mean":[{"text":"as"}]}]},{"text":"according","pos":"preposition","ts":"əˈkɔːdɪŋ","tr":[{"text":"по","pos":"preposition","syn":[{"text":"согласно","pos":"preposition"}],"mean":[{"text":"on"},{"text":"according to"}]},{"text":"соответственно","pos":"preposition"}]},{"text":"according","pos":"noun","ts":"əˈkɔːdɪŋ","tr":[{"text":"соответствие","pos":"noun","gen":"ср","mean":[{"text":"accordance"}]}]},{"text":"according","pos":"adjective","ts":"əˈkɔːdɪŋ","tr":[{"text":"согласный","pos":"adjective","mean":[{"text":"agreed"}]}]}]}