{"head":{},"def":[{"text":"accord","pos":"noun","ts":"əˈkɔːd","tr":[{"text":"согласие","pos":"noun","gen":"ср","syn":[{"text":"соглашение","pos":"noun","gen":"ср"},{"text":"договоренность","pos":"noun","gen":"ж"},{"text":"договор","pos":"noun","gen":"м"}],"mean":[{"text":"consent"},{"text":"agreement"}],"ex":[{"text":"social accord","tr":[{"text":"общественное согласие"}]},{"text":"peace accord","tr":[{"text":"мирное соглашение"}]},{"text":"new accord","tr":[{"text":"новая договоренность"}]}]},{"text":"соответствие","pos":"noun","gen":"ср","mean":[{"text":"accordance"}]},{"text":"гармония","pos":"noun","gen":"ж","syn":[{"text":"созвучие","pos":"noun","gen":"ср"}],"mean":[{"text":"harmony"}],"ex":[{"text":"harmonious accord","tr":[{"text":"гармоничное созвучие"}]}]},{"text":"единство","pos":"noun","gen":"ср","mean":[{"text":"unity"}]},{"text":"аккорд","pos":"noun","gen":"м","mean":[{"text":"chord"}],"ex":[{"text":"final accord","tr":[{"text":"финальный аккорд"}]}]}]},{"text":"accord","pos":"verb","ts":"əˈkɔːd","tr":[{"text":"соответствовать","pos":"verb","asp":"несов","mean":[{"text":"correspond"}]},{"text":"предоставлять","pos":"verb","asp":"несов","syn":[{"text":"оказывать","pos":"verb","asp":"несов"}],"mean":[{"text":"offer"},{"text":"render"}]},{"text":"согласовывать","pos":"verb","asp":"несов","mean":[{"text":"agree"}]}]}]}