{"head":{},"def":[{"text":"accommodate","pos":"verb","ts":"əˈkɔmədeɪt","tr":[{"text":"вмещать","pos":"verb","asp":"несов","syn":[{"text":"приспосабливать","pos":"verb","asp":"несов"},{"text":"приспособлять","pos":"verb","asp":"несов"},{"text":"вместить","pos":"verb","asp":"сов"},{"text":"приспособить","pos":"verb","asp":"сов"},{"text":"приспособиться","pos":"verb","asp":"сов"}],"mean":[{"text":"contain"},{"text":"fit"},{"text":"adapt"}]},{"text":"обеспечивать","pos":"verb","asp":"несов","mean":[{"text":"ensure"}]},{"text":"согласовывать","pos":"verb","asp":"несов","mean":[{"text":"coordinate"}]},{"text":"разместить","pos":"verb","asp":"сов","syn":[{"text":"размещать","pos":"verb","asp":"несов"},{"text":"размещаться","pos":"verb","asp":"несов"},{"text":"расположиться","pos":"verb","asp":"сов"}],"mean":[{"text":"place"},{"text":"host"},{"text":"settle"}],"ex":[{"text":"accommodate guests","tr":[{"text":"разместить гостей"}]}]},{"text":"примирять","pos":"verb","asp":"несов","mean":[{"text":"reconcile"}]}]}]}