{"head":{},"def":[{"text":"accounting","pos":"noun","ts":"əˈkaʊntɪŋ","tr":[{"text":"учет","pos":"noun","gen":"м","syn":[{"text":"бухгалтерский учет","pos":"noun"},{"text":"отчетность","pos":"noun","gen":"ж"},{"text":"бухгалтерия","pos":"noun","gen":"ж"},{"text":"бухучет","pos":"noun","gen":"м"}],"mean":[{"text":"account"},{"text":"bookkeeping"},{"text":"report"}],"ex":[{"text":"financial accounting standards board","tr":[{"text":"совет по стандартам финансового учета"}]},{"text":"public accounting","tr":[{"text":"публичная отчетность"}]},{"text":"general accounting office","tr":[{"text":"главная бухгалтерия"}]}]},{"text":"расчет","pos":"noun","gen":"м","syn":[{"text":"калькуляция","pos":"noun","gen":"ж"}],"mean":[{"text":"calculation"}],"ex":[{"text":"cost accounting","tr":[{"text":"хозяйственный расчет"}]}]},{"text":"бухгалтерское дело","pos":"noun","mean":[{"text":"accountancy"}]}]},{"text":"accounting","pos":"adjective","ts":"əˈkaʊntɪŋ","tr":[{"text":"бухгалтерский","pos":"adjective","syn":[{"text":"учетный","pos":"adjective"},{"text":"отчетный","pos":"adjective"},{"text":"расчетный","pos":"adjective"}],"mean":[{"text":"bookkeeping"},{"text":"account"},{"text":"reporting"},{"text":"settlement"}],"ex":[{"text":"accounting balance sheet","tr":[{"text":"бухгалтерский баланс"}]},{"text":"primary accounting document","tr":[{"text":"первичный учетный документ"}]},{"text":"change in accounting policy","tr":[{"text":"изменение учетной политики"}]},{"text":"accounting period","tr":[{"text":"отчетный период"}]},{"text":"accounting currency","tr":[{"text":"расчетная валюта"}]}]},{"text":"счетный","pos":"adjective","mean":[{"text":"counting"}],"ex":[{"text":"accounting machine","tr":[{"text":"счетная машина"}]}]}]}]}