{"head":{},"def":[{"text":"account","pos":"noun","ts":"əˈkaʊnt","tr":[{"text":"счет","pos":"noun","gen":"м","syn":[{"text":"расчет","pos":"noun","gen":"м"},{"text":"учет","pos":"noun","gen":"м"}],"mean":[{"text":"expense"},{"text":"calculation"},{"text":"accounting"}],"ex":[{"text":"trading account","tr":[{"text":"торговый счет"}]},{"text":"current account deficit","tr":[{"text":"дефицит текущего счета"}]},{"text":"foreign currency account","tr":[{"text":"валютный счет"}]},{"text":"client's account","tr":[{"text":"счет клиента"}]},{"text":"individual retirement account","tr":[{"text":"индивидуальный пенсионный счет"}]},{"text":"money market account","tr":[{"text":"счет денежного рынка"}]},{"text":"customer account number","tr":[{"text":"номер счета клиента"}]},{"text":"special settlement account","tr":[{"text":"специальный расчетный счет"}]},{"text":"offshore bank account","tr":[{"text":"оффшорный банковский счет"}]},{"text":"payment on account","tr":[{"text":"безналичный расчет"}]},{"text":"management account","tr":[{"text":"управленческий учет"}]}]},{"text":"отчет","pos":"noun","gen":"м","syn":[{"text":"сообщение","pos":"noun","gen":"ср"},{"text":"доклад","pos":"noun","gen":"м"}],"mean":[{"text":"report"}],"ex":[{"text":"detailed account","tr":[{"text":"подробный отчет"}]}]},{"text":"рассказ","pos":"noun","gen":"м","mean":[{"text":"story"}],"ex":[{"text":"autobiographical account","tr":[{"text":"автобиографический рассказ"}]}]},{"text":"клиент","pos":"noun","gen":"м","mean":[{"text":"client"}]},{"text":"аккаунт","pos":"noun","gen":"м","ex":[{"text":"free account","tr":[{"text":"бесплатный аккаунт"}]}]},{"text":"запись","pos":"noun","gen":"ж","mean":[{"text":"record"}],"ex":[{"text":"service account","tr":[{"text":"запись службы"}]}]},{"text":"причина","pos":"noun","gen":"ж","mean":[{"text":"reason"}]},{"text":"основание","pos":"noun","gen":"ср","mean":[{"text":"basis"}]},{"text":"оценка","pos":"noun","gen":"ж","mean":[{"text":"score"}]},{"text":"мнение","pos":"noun","gen":"ср","mean":[{"text":"view"}]},{"text":"значение","pos":"noun","gen":"ср","mean":[{"text":"importance"}]},{"text":"торговый баланс","pos":"noun","mean":[{"text":"trade balance"}]},{"text":"выгода","pos":"noun","gen":"ж","mean":[{"text":"benefit"}]}]},{"text":"account","pos":"verb","ts":"əˈkaʊnt","tr":[{"text":"объяснять","pos":"verb","asp":"несов","mean":[{"text":"explain"}]},{"text":"отвечать","pos":"verb","asp":"несов","mean":[{"text":"answer"}]},{"text":"приходиться","pos":"verb","asp":"несов","syn":[{"text":"составлять","pos":"verb","asp":"несов"}],"mean":[{"text":"have"},{"text":"amount"}]}]},{"text":"account","pos":"adjective","ts":"əˈkaʊnt","tr":[{"text":"учетный","pos":"adjective","mean":[{"text":"accounting"}],"ex":[{"text":"local account","tr":[{"text":"локальная учетная запись"}]}]}]}]}