{"head":{},"def":[{"text":"accountant","pos":"noun","ts":"əˈkaʊntənt","tr":[{"text":"бухгалтер","pos":"noun","gen":"м","syn":[{"text":"счетовод","pos":"noun","gen":"м"}],"mean":[{"text":"bookkeeper"}],"ex":[{"text":"chartered accountant","tr":[{"text":"дипломированный бухгалтер"}]},{"text":"certified public accountant","tr":[{"text":"присяжный бухгалтер"}]},{"text":"position of chief accountant","tr":[{"text":"должность главного бухгалтера"}]}]}]}]}