{"head":{},"def":[{"text":"accomplished","pos":"participle","ts":"əˈkɔmplɪʃt","tr":[{"text":"выполненный","pos":"participle","mean":[{"text":"performed"}]},{"text":"завершенный","pos":"participle","syn":[{"text":"законченный","pos":"participle"}],"mean":[{"text":"completed"},{"text":"finished"}]},{"text":"достигнутый","pos":"participle","mean":[{"text":"achieved"}]},{"text":"осуществленный","pos":"participle","syn":[{"text":"осуществляемый","pos":"participle"}],"mean":[{"text":"carried"}]},{"text":"свершившийся","pos":"participle"}]},{"text":"accomplished","pos":"adjective","ts":"əˈkɔmplɪʃt","tr":[{"text":"совершенный","pos":"adjective","mean":[{"text":"complete"}]},{"text":"изысканный","pos":"adjective","mean":[{"text":"exquisite"}]}]}]}