{"head":{},"def":[{"text":"accretion","pos":"noun","ts":"æˈkriːʃn","tr":[{"text":"аккреция","pos":"noun","gen":"ж"},{"text":"прирост","pos":"noun","gen":"м","syn":[{"text":"увеличение","pos":"noun","gen":"ср"},{"text":"разрастание","pos":"noun","gen":"ср"}],"mean":[{"text":"growth"},{"text":"increased"}]},{"text":"срастание","pos":"noun","gen":"ср","syn":[{"text":"сращение","pos":"noun","gen":"ср"}],"mean":[{"text":"intergrowth"},{"text":"fusion"}]},{"text":"приращение","pos":"noun","gen":"ср","mean":[{"text":"increment"}]},{"text":"наслоение","pos":"noun","gen":"ср","mean":[{"text":"layer"}]}]},{"text":"accretion","pos":"adjective","ts":"æˈkriːʃn","tr":[{"text":"аккреционный","pos":"adjective","ex":[{"text":"accretion disk","tr":[{"text":"аккреционный диск"}]}]}]}]}