{"head":{},"def":[{"text":"accrue","pos":"verb","ts":"əˈkruː","tr":[{"text":"нарастать","pos":"verb","asp":"несов","syn":[{"text":"увеличиваться","pos":"verb","asp":"несов"}],"mean":[{"text":"grow"}]},{"text":"накапливаться","pos":"verb","asp":"несов","syn":[{"text":"накапливать","pos":"verb","asp":"несов"}],"mean":[{"text":"accumulate"}]},{"text":"получать","pos":"verb","asp":"несов","syn":[{"text":"приобретать","pos":"verb","asp":"несов"}],"mean":[{"text":"receive"},{"text":"acquire"}]},{"text":"начислять","pos":"verb","asp":"несов","syn":[{"text":"начислить","pos":"verb","asp":"сов"}],"mean":[{"text":"charge"},{"text":"overcharge"}],"ex":[{"text":"accrued income","tr":[{"text":"начисленный доход"}]}]},{"text":"происходить","pos":"verb","asp":"несов","mean":[{"text":"occur"}]}]}]}