{"head":{},"def":[{"text":"accreditation","pos":"noun","ts":"əkredɪˈteɪʃn","tr":[{"text":"аккредитация","pos":"noun","gen":"ж","syn":[{"text":"аккредитование","pos":"noun","gen":"ср"}],"ex":[{"text":"state accreditation","tr":[{"text":"государственная аккредитация"}]},{"text":"accreditation of educational programs","tr":[{"text":"аккредитация образовательных программ"}]},{"text":"accreditation of foreign journalists","tr":[{"text":"аккредитация иностранных журналистов"}]}]}]},{"text":"accreditation","pos":"adjective","ts":"əkredɪˈteɪʃn","tr":[{"text":"аккредитационный","pos":"adjective","ex":[{"text":"accreditation card","tr":[{"text":"аккредитационное удостоверение"}]}]}]}]}