{"head":{},"def":[{"text":"accrual","pos":"noun","ts":"əˈkruːəl","tr":[{"text":"возникновение","pos":"noun","gen":"ср","mean":[{"text":"occurrence"}]},{"text":"начисление","pos":"noun","gen":"ср","syn":[{"text":"метод начисления","pos":"noun"}],"mean":[{"text":"charge"},{"text":"accrual method"}],"ex":[{"text":"accrual of interest","tr":[{"text":"начисление процентов"}]}]},{"text":"накопление","pos":"noun","gen":"ср","mean":[{"text":"accumulation"}],"ex":[{"text":"accrual rate","tr":[{"text":"коэффициент накоплений"}]}]}]}]}