{"head":{},"def":[{"text":"accusation","pos":"noun","ts":"ækjuːˈzeɪʃn","tr":[{"text":"обвинение","pos":"noun","gen":"ср","mean":[{"text":"allegation"}],"ex":[{"text":"false accusation","tr":[{"text":"ложное обвинение"}]}]},{"text":"упрек","pos":"noun","gen":"м","syn":[{"text":"обличение","pos":"noun","gen":"ср"}],"mean":[{"text":"reproach"},{"text":"conviction"}],"ex":[{"text":"mutual accusations","tr":[{"text":"взаимные упреки"}]}]}]}]}