{"head":{},"def":[{"text":"accumulator","pos":"noun","ts":"əˈkjuːmjʊleɪtə","tr":[{"text":"аккумулятор","pos":"noun","gen":"м","syn":[{"text":"аккумуляторная батарея","pos":"noun"},{"text":"акб","pos":"noun","gen":"м"}],"mean":[{"text":"battery"},{"text":"rechargeable battery"}],"ex":[{"text":"heat accumulator","tr":[{"text":"тепловой аккумулятор"}]}]},{"text":"накопитель","pos":"noun","gen":"м","mean":[{"text":"storage"}]},{"text":"сумматор","pos":"noun","gen":"м","mean":[{"text":"adder"}]}]},{"text":"accumulator","pos":"adjective","ts":"əˈkjuːmjʊleɪtə","tr":[{"text":"аккумуляторный","pos":"adjective","mean":[{"text":"rechargeable"}],"ex":[{"text":"accumulator battery","tr":[{"text":"аккумуляторная батарея"}]}]}]}]}