{"head":{},"def":[{"text":"accurate","pos":"adjective","ts":"ˈækjʊrɪt","tr":[{"text":"точный","pos":"adjective","syn":[{"text":"четкий","pos":"adjective"},{"text":"достоверный","pos":"adjective"}],"mean":[{"text":"exact"},{"text":"clear"},{"text":"reliable"}],"ex":[{"text":"accurate measurement","tr":[{"text":"точное измерение"}]},{"text":"accurate weather forecasts","tr":[{"text":"точные прогнозы погоды"}]},{"text":"accurate drawing","tr":[{"text":"четкий рисунок"}]},{"text":"access to accurate information","tr":[{"text":"доступ к достоверной информации"}]}]},{"text":"аккуратный","pos":"adjective","mean":[{"text":"neat"}],"ex":[{"text":"accurate work","tr":[{"text":"аккуратная работа"}]}]},{"text":"правильный","pos":"adjective","syn":[{"text":"верный","pos":"adjective"},{"text":"корректный","pos":"adjective"},{"text":"правдивый","pos":"adjective"}],"mean":[{"text":"correct"},{"text":"true"}],"ex":[{"text":"accurate diagnosis","tr":[{"text":"правильный диагноз"}]},{"text":"accurate assessment","tr":[{"text":"верная оценка"}]}]},{"text":"тщательный","pos":"adjective","mean":[{"text":"careful"}],"ex":[{"text":"accurate analysis","tr":[{"text":"тщательный анализ"}]}]},{"text":"меткий","pos":"adjective","mean":[{"text":"marks"}],"ex":[{"text":"accurate shot","tr":[{"text":"меткий выстрел"}]}]}]}]}