{"head":{},"def":[{"text":"accuracy","pos":"noun","ts":"ˈækjʊrəsɪ","tr":[{"text":"точность","pos":"noun","gen":"ж","syn":[{"text":"аккуратность","pos":"noun","gen":"ж"},{"text":"меткость","pos":"noun","gen":"ж"},{"text":"кучность","pos":"noun","gen":"ж"}],"mean":[{"text":"precision"},{"text":"marksmanship"},{"text":"grouping"}],"ex":[{"text":"accuracy class","tr":[{"text":"класс точности"}]},{"text":"high degree of accuracy","tr":[{"text":"высокая точность"}]},{"text":"shooting accuracy","tr":[{"text":"меткость стрельбы"}]},{"text":"accuracy of fire","tr":[{"text":"кучность стрельбы"}]}]},{"text":"правильность","pos":"noun","gen":"ж","syn":[{"text":"достоверность","pos":"noun","gen":"ж"}],"mean":[{"text":"correctness"},{"text":"reliability"}],"ex":[{"text":"accuracy of the translation","tr":[{"text":"правильность перевода"}]},{"text":"historical accuracy","tr":[{"text":"историческая достоверность"}]}]},{"text":"тщательность","pos":"noun","gen":"ж","mean":[{"text":"thoroughness"}]},{"text":"соответствие","pos":"noun","gen":"ср","mean":[{"text":"conformity"}]},{"text":"четкость","pos":"noun","gen":"ж","mean":[{"text":"clarity"}]}]}]}