{"head":{},"def":[{"text":"accurately","pos":"particle","ts":"ˈækjʊrɪtlɪ","tr":[{"text":"точно","pos":"particle","mean":[{"text":"exactly"}]}]},{"text":"accurately","pos":"adverb","ts":"ˈækjʊrɪtlɪ","tr":[{"text":"аккуратно","pos":"adverb","mean":[{"text":"carefully"}]},{"text":"безошибочно","pos":"adverb","syn":[{"text":"четко","pos":"adverb"}],"mean":[{"text":"unmistakably"},{"text":"precisely"}]},{"text":"правильно","pos":"adverb","syn":[{"text":"корректно","pos":"adverb"}],"mean":[{"text":"correctly"}]},{"text":"достоверно","pos":"adverb","mean":[{"text":"reliably"}]},{"text":"метко","pos":"adverb","mean":[{"text":"aptly"}]}]}]}