{"head":{},"def":[{"text":"accumulation","pos":"noun","ts":"əkjuːmjʊˈleɪʃn","tr":[{"text":"накопление","pos":"noun","gen":"ср","syn":[{"text":"аккумуляция","pos":"noun","gen":"ж"},{"text":"аккумулирование","pos":"noun","gen":"ср"},{"text":"накапливание","pos":"noun","gen":"ср"}],"mean":[{"text":"stockpiling"},{"text":"storage"}],"ex":[{"text":"accumulation of experience","tr":[{"text":"накопление опыта"}]},{"text":"heavy metal accumulation","tr":[{"text":"накопление тяжелых металлов"}]},{"text":"accumulation of lactic acid","tr":[{"text":"накопление молочной кислоты"}]},{"text":"initial accumulation of capital","tr":[{"text":"первоначальное накопление капитала"}]},{"text":"law of capitalist accumulation","tr":[{"text":"закон капиталистического накопления"}]},{"text":"accumulation of energy","tr":[{"text":"аккумулирование энергии"}]}]},{"text":"скопление","pos":"noun","gen":"ср","mean":[{"text":"concentration"}],"ex":[{"text":"hydrocarbon accumulation","tr":[{"text":"скопление углеводородов"}]}]},{"text":"сбор","pos":"noun","gen":"м","syn":[{"text":"собирание","pos":"noun","gen":"ср"}],"mean":[{"text":"collection"}]},{"text":"наращивание","pos":"noun","gen":"ср","syn":[{"text":"нарастание","pos":"noun","gen":"ср"}],"mean":[{"text":"increase"}]},{"text":"масса","pos":"noun","gen":"ж","mean":[{"text":"mass"}]},{"text":"груда","pos":"noun","gen":"ж","mean":[{"text":"pile"}]}]},{"text":"accumulation","pos":"adjective","ts":"əkjuːmjʊˈleɪʃn","tr":[{"text":"накопительный","pos":"adjective","mean":[{"text":"accumulative"}]}]}]}