{"head":{},"def":[{"text":"accumulating","pos":"participle","ts":"əˈkjuːmjʊleɪtɪŋ","tr":[{"text":"аккумулирующий","pos":"participle","syn":[{"text":"накапливающий","pos":"participle"}]},{"text":"накапливающийся","pos":"participle","syn":[{"text":"скапливающийся","pos":"participle"},{"text":"накопившийся","pos":"participle"}],"mean":[{"text":"collecting"},{"text":"accumulated"}]}]},{"text":"accumulating","pos":"noun","ts":"əˈkjuːmjʊleɪtɪŋ","tr":[{"text":"накопление","pos":"noun","gen":"ср","mean":[{"text":"accumulation"}]}]},{"text":"accumulating","pos":"adjective","ts":"əˈkjuːmjʊleɪtɪŋ","tr":[{"text":"накопительный","pos":"adjective","mean":[{"text":"accumulative"}]}]}]}