{"head":{},"def":[{"text":"accumulate","pos":"verb","ts":"əˈkjuːmjʊleɪt","tr":[{"text":"накапливать","pos":"verb","asp":"несов","syn":[{"text":"аккумулировать","pos":"verb"},{"text":"собирать","pos":"verb","asp":"несов"},{"text":"накопить","pos":"verb","asp":"сов"},{"text":"скапливаться","pos":"verb","asp":"несов"},{"text":"собрать","pos":"verb","asp":"сов"},{"text":"копить","pos":"verb","asp":"несов"},{"text":"собираться","pos":"verb","asp":"несов"}],"mean":[{"text":"collect"},{"text":"cumulate"},{"text":"amass"},{"text":"gather"},{"text":"hoard"}],"ex":[{"text":"accumulate energy","tr":[{"text":"накапливать энергию"}]},{"text":"accumulated experience","tr":[{"text":"накопленный опыт"}]},{"text":"accumulated depreciation","tr":[{"text":"накопленная амортизация"}]},{"text":"accumulate money","tr":[{"text":"копить деньги"}]}]},{"text":"накапливаться","pos":"verb","asp":"несов","syn":[{"text":"накопиться","pos":"verb","asp":"сов"},{"text":"аккумулироваться","pos":"verb","asp":"несов"},{"text":"оседать","pos":"verb","asp":"несов"}],"mean":[{"text":"build up"},{"text":"settle"}],"ex":[{"text":"accumulated debt","tr":[{"text":"накопившаяся задолженность"}]}]},{"text":"увеличиваться","pos":"verb","asp":"несов","mean":[{"text":"increase"}]},{"text":"набирать","pos":"verb","asp":"несов","mean":[{"text":"gain"}]},{"text":"сложить","pos":"verb","asp":"сов","mean":[{"text":"fold"}]},{"text":"обрастать","pos":"verb","asp":"несов","mean":[{"text":"acquire"}]},{"text":"наработать","pos":"verb","asp":"сов","syn":[{"text":"нарабатывать","pos":"verb","asp":"несов"}],"mean":[{"text":"turn out"},{"text":"develop"}]},{"text":"скапливать","pos":"verb","asp":"несов","mean":[{"text":"mass"}]}]}]}