{"head":{},"def":[{"text":"achieving","pos":"participle","ts":"əˈʧiːvɪŋ","tr":[{"text":"достигающий","pos":"participle","syn":[{"text":"достигший","pos":"participle"}],"mean":[{"text":"reaching"}]},{"text":"добивающийся","pos":"participle","mean":[{"text":"seeking"}]}]},{"text":"achieving","pos":"noun","ts":"əˈʧiːvɪŋ","tr":[{"text":"достижение","pos":"noun","gen":"ср","mean":[{"text":"achievement"}]},{"text":"получение","pos":"noun","gen":"ср","mean":[{"text":"receive"}]}]}]}