{"head":{},"def":[{"text":"achievement","pos":"noun","ts":"əˈʧiːvmənt","tr":[{"text":"достижение","pos":"noun","gen":"ср","syn":[{"text":"успех","pos":"noun","gen":"м"},{"text":"свершение","pos":"noun","gen":"ср"},{"text":"завоевание","pos":"noun","gen":"ср"}],"mean":[{"text":"accomplishment"},{"text":"success"},{"text":"conquest"}],"ex":[{"text":"latest achievement","tr":[{"text":"последнее достижение"}]},{"text":"outstanding scientific achievement","tr":[{"text":"выдающееся научное достижение"}]},{"text":"achievement of that goal","tr":[{"text":"достижение той цели"}]},{"text":"achievement of its objectives","tr":[{"text":"достижение его цели"}]},{"text":"achievement of social justice","tr":[{"text":"достижение социальной справедливости"}]},{"text":"achievements of medical science","tr":[{"text":"достижения медицинской науки"}]},{"text":"achievements of western civilization","tr":[{"text":"достижения западной цивилизации"}]},{"text":"most recent achievement","tr":[{"text":"последнее достижение"}]},{"text":"achievement of concrete results","tr":[{"text":"достижение конкретных результатов"}]},{"text":"great achievement","tr":[{"text":"большой успех"}]},{"text":"achievement of the revolution","tr":[{"text":"завоевание революции"}]}]},{"text":"выполнение","pos":"noun","gen":"ср","mean":[{"text":"performance"}]},{"text":"подвиг","pos":"noun","gen":"м","mean":[{"text":"feat"}]},{"text":"успеваемость","pos":"noun","gen":"ж","mean":[{"text":"progress"}],"ex":[{"text":"academic achievement","tr":[{"text":"академическая успеваемость"}]}]}]}]}