{"head":{},"def":[{"text":"achieve","pos":"verb","ts":"əˈʧiːv","tr":[{"text":"достигать","pos":"verb","asp":"несов","syn":[{"text":"добиваться","pos":"verb","asp":"несов"},{"text":"добиться","pos":"verb","asp":"сов"},{"text":"достичь","pos":"verb","asp":"сов"},{"text":"достигнуть","pos":"verb","asp":"сов"},{"text":"получить","pos":"verb","asp":"сов"},{"text":"обрести","pos":"verb","asp":"сов"}],"mean":[{"text":"reach"},{"text":"seek"},{"text":"get"},{"text":"gain"}],"ex":[{"text":"achieve orgasm","tr":[{"text":"достигать оргазма"}]},{"text":"achieve great success","tr":[{"text":"добиваться больших успехов"}]},{"text":"achieve recognition","tr":[{"text":"добиться признания"}]},{"text":"achieve stability","tr":[{"text":"достичь стабильности"}]},{"text":"achieve enlightenment","tr":[{"text":"достигнуть просветления"}]},{"text":"achieve salvation","tr":[{"text":"получить спасение"}]},{"text":"achieve unity","tr":[{"text":"обрести единство"}]}]},{"text":"выполнять","pos":"verb","asp":"несов","syn":[{"text":"реализовать","pos":"verb"},{"text":"выполнить","pos":"verb","asp":"сов"},{"text":"осуществить","pos":"verb","asp":"сов"}],"mean":[{"text":"fulfill"},{"text":"implement"}]},{"text":"одержать","pos":"verb","asp":"сов","mean":[{"text":"win"}],"ex":[{"text":"achieve victory","tr":[{"text":"одержать победу"}]}]}]}]}