{"head":{},"def":[{"text":"aching","pos":"participle","ts":"ˈeɪkɪŋ","tr":[{"text":"ноющий","pos":"participle","syn":[{"text":"болящий","pos":"participle"}],"mean":[{"text":"nagging"},{"text":"sick"}]}]},{"text":"aching","pos":"adjective","ts":"ˈeɪkɪŋ","tr":[{"text":"больной","pos":"adjective","mean":[{"text":"sick"}],"ex":[{"text":"aching tooth","tr":[{"text":"больной зуб"}]}]},{"text":"болезненный","pos":"adjective","mean":[{"text":"morbid"}]}]},{"text":"aching","pos":"noun","ts":"ˈeɪkɪŋ","tr":[{"text":"боль","pos":"noun","gen":"ж","mean":[{"text":"ache"}],"ex":[{"text":"aching muscles","tr":[{"text":"боль в мышцах"}]}]}]}]}