{"head":{},"def":[{"text":"acid","pos":"noun","ts":"ˈæsɪd","tr":[{"text":"кислота","pos":"noun","gen":"ж","mean":[{"text":"acidity"}],"ex":[{"text":"organic acid","tr":[{"text":"органическая кислота"}]},{"text":"glacial acetic acid","tr":[{"text":"ледяная уксусная кислота"}]},{"text":"hydrochloric acid solution","tr":[{"text":"раствор соляной кислоты"}]},{"text":"citric acid cycle","tr":[{"text":"цикл лимонной кислоты"}]},{"text":"sulphuric acid production","tr":[{"text":"производство серной кислоты"}]},{"text":"fuming nitric acid","tr":[{"text":"дымящая азотная кислота"}]},{"text":"gastric acid secretion","tr":[{"text":"секреция желудочной кислоты"}]},{"text":"fatty acid methyl ester","tr":[{"text":"метиловый эфир жирных кислот"}]}]}]},{"text":"acid","pos":"adjective","ts":"ˈæsɪd","tr":[{"text":"кислотный","pos":"adjective","syn":[{"text":"кислый","pos":"adjective"},{"text":"едкий","pos":"adjective"}],"mean":[{"text":"acidic"},{"text":"sour"},{"text":"caustic"}],"ex":[{"text":"total acid number","tr":[{"text":"общее кислотное число"}]},{"text":"acid rain","tr":[{"text":"кислотный дождь"}]},{"text":"acid gas","tr":[{"text":"кислый газ"}]}]}]}]}