{"head":{},"def":[{"text":"acknowledgement","pos":"noun","ts":"əkˈnɔlɪʤmənt","tr":[{"text":"подтверждение","pos":"noun","gen":"ср","syn":[{"text":"признание","pos":"noun","gen":"ср"}],"mean":[{"text":"confirmation"},{"text":"recognition"}],"ex":[{"text":"official acknowledgement","tr":[{"text":"официальное подтверждение"}]},{"text":"public acknowledgement","tr":[{"text":"общественное признание"}]}]},{"text":"благодарность","pos":"noun","gen":"ж","syn":[{"text":"признательность","pos":"noun","gen":"ж"}],"mean":[{"text":"gratitude"},{"text":"appreciation"}]},{"text":"расписка","pos":"noun","gen":"ж","mean":[{"text":"receipt"}]},{"text":"официальное заявление","pos":"noun","mean":[{"text":"official statement"}]},{"text":"квитирование","pos":"noun","gen":"ср","mean":[{"text":"handshake"}]}]}]}