{"head":{},"def":[{"text":"acknowledgment","pos":"noun","ts":"əkˈnɒlɪʤmənt","tr":[{"text":"подтверждение","pos":"noun","gen":"ср","syn":[{"text":"признание","pos":"noun","gen":"ср"}],"mean":[{"text":"confirmation"},{"text":"recognition"}],"ex":[{"text":"final acknowledgment","tr":[{"text":"окончательное подтверждение"}]},{"text":"public acknowledgment","tr":[{"text":"общественное признание"}]}]},{"text":"благодарность","pos":"noun","gen":"ж","mean":[{"text":"gratitude"}]},{"text":"квитирование","pos":"noun","gen":"ср","mean":[{"text":"handshake"}]}]}]}