{"head":{},"def":[{"text":"acknowledge","pos":"verb","ts":"əkˈnɔlɪʤ","tr":[{"text":"подтверждать","pos":"verb","asp":"несов","syn":[{"text":"подтвердить","pos":"verb","asp":"сов"}],"mean":[{"text":"confirm"}],"ex":[{"text":"acknowledge receipt","tr":[{"text":"подтвердить получение"}]}]},{"text":"признавать","pos":"verb","asp":"несов","syn":[{"text":"признать","pos":"verb","asp":"сов"}],"mean":[{"text":"recognize"}],"ex":[{"text":"acknowledge god","tr":[{"text":"признавать бога"}]},{"text":"acknowledge the truth","tr":[{"text":"признать истину"}]}]},{"text":"сознавать","pos":"verb","asp":"несов","syn":[{"text":"осознать","pos":"verb","asp":"сов"},{"text":"осознавать","pos":"verb","asp":"несов"}],"mean":[{"text":"realize"}]},{"text":"допускать","pos":"verb","asp":"несов","syn":[{"text":"признаться","pos":"verb","asp":"сов"}],"mean":[{"text":"admit"}]},{"text":"отметить","pos":"verb","asp":"сов","syn":[{"text":"констатировать","pos":"verb"}],"mean":[{"text":"note"},{"text":"ascertain"}]}]}]}