{"head":{},"def":[{"text":"acoustic","pos":"adjective","ts":"əˈkuːstɪk","tr":[{"text":"акустический","pos":"adjective","syn":[{"text":"звуковой","pos":"adjective"},{"text":"слуховой","pos":"adjective"}],"mean":[{"text":"acoustical"},{"text":"sound"},{"text":"auditory"}],"ex":[{"text":"acoustic guitar","tr":[{"text":"акустическая гитара"}]},{"text":"acoustic emission method","tr":[{"text":"метод акустической эмиссии"}]},{"text":"acoustic noise level","tr":[{"text":"уровень акустического шума"}]},{"text":"acoustic system","tr":[{"text":"акустическая система"}]},{"text":"propagation of acoustic waves","tr":[{"text":"распространение звуковых волн"}]},{"text":"acoustic duct","tr":[{"text":"слуховой проход"}]}]},{"text":"звукопоглощающий","pos":"adjective"}]},{"text":"acoustic","pos":"noun","ts":"əˈkuːstɪk","tr":[{"text":"акустика","pos":"noun","gen":"ж","mean":[{"text":"acoustics"}]}]},{"text":"acoustic","pos":"adverb","ts":"əˈkuːstɪk","tr":[{"text":"акустически","pos":"adverb","mean":[{"text":"acoustical"}]}]}]}