{"head":{},"def":[{"text":"acoustics","pos":"noun","ts":"əˈkuːstɪks","tr":[{"text":"акустика","pos":"noun","gen":"ж","mean":[{"text":"acoustic"}],"ex":[{"text":"physical acoustics","tr":[{"text":"физическая акустика"}]},{"text":"architectural acoustics","tr":[{"text":"архитектурная акустика"}]}]}]},{"text":"acoustics","pos":"adjective","ts":"əˈkuːstɪks","tr":[{"text":"акустический","pos":"adjective","mean":[{"text":"acoustic"}]}]}]}