{"head":{},"def":[{"text":"acquisition","pos":"noun","ts":"ækwɪˈzɪʃn","tr":[{"text":"приобретение","pos":"noun","gen":"ср","syn":[{"text":"получение","pos":"noun","gen":"ср"},{"text":"закупка","pos":"noun","gen":"ж"},{"text":"комплектование","pos":"noun","gen":"ср"}],"mean":[{"text":"purchase"},{"text":"receipt"},{"text":"recruitment"}],"ex":[{"text":"land acquisition","tr":[{"text":"приобретение земли"}]},{"text":"real estate acquisition","tr":[{"text":"приобретение недвижимости"}]},{"text":"acquisition of immovable property","tr":[{"text":"приобретение недвижимого имущества"}]},{"text":"acquisition of nuclear weapons","tr":[{"text":"приобретение ядерного оружия"}]},{"text":"acquisition of practical skills","tr":[{"text":"приобретение практических навыков"}]},{"text":"acquisition of new assets","tr":[{"text":"приобретение новых активов"}]},{"text":"acquisition of legal personality","tr":[{"text":"получение статуса юридического лица"}]},{"text":"acquisition of equipment","tr":[{"text":"закупка оборудования"}]}]},{"text":"овладение","pos":"noun","mean":[{"text":"mastery"}],"ex":[{"text":"foreign language acquisition","tr":[{"text":"овладение иностранным языком"}]}]},{"text":"сбор","pos":"noun","gen":"м","syn":[{"text":"прием","pos":"noun","gen":"м"}],"mean":[{"text":"collection"},{"text":"reception"}],"ex":[{"text":"data acquisition system","tr":[{"text":"система сбора данных"}]},{"text":"simultaneous acquisition","tr":[{"text":"одновременный прием"}]}]},{"text":"обретение","pos":"noun","gen":"ср","mean":[{"text":"gain"}]}]}]}