{"head":{},"def":[{"text":"acquaintance","pos":"noun","ts":"əˈkweɪntəns","tr":[{"text":"знакомство","pos":"noun","gen":"ср","syn":[{"text":"ознакомление","pos":"noun","gen":"ср"}],"mean":[{"text":"familiarity"},{"text":"familiarization"}],"ex":[{"text":"close acquaintance","tr":[{"text":"близкое знакомство"}]},{"text":"make new acquaintances","tr":[{"text":"заводить новые знакомства"}]},{"text":"mutual acquaintance","tr":[{"text":"взаимное ознакомление"}]}]},{"text":"знакомый","pos":"noun","syn":[{"text":"знакомец","pos":"noun","gen":"м"},{"text":"приятель","pos":"noun","gen":"м"}],"mean":[{"text":"friend"}],"ex":[{"text":"recent acquaintance","tr":[{"text":"недавний знакомый"}]},{"text":"old acquaintance","tr":[{"text":"старый знакомец"}]}]}]},{"text":"acquaintance","pos":"adjective","ts":"əˈkweɪntəns","tr":[{"text":"ознакомительный","pos":"adjective","mean":[{"text":"trial"}]}]}]}