{"head":{},"def":[{"text":"acquire","pos":"verb","ts":"əˈkwaɪə","tr":[{"text":"приобретать","pos":"verb","asp":"несов","syn":[{"text":"покупать","pos":"verb"},{"text":"приобрести","pos":"verb","asp":"сов"},{"text":"купить","pos":"verb","asp":"сов"}],"mean":[{"text":"purchase"},{"text":"buy"}],"ex":[{"text":"acquire shares","tr":[{"text":"приобретать акции"}]},{"text":"acquired company","tr":[{"text":"приобретенная компания"}]},{"text":"acquired immunodeficiency syndrome","tr":[{"text":"синдром приобретенного иммунодефицита"}]},{"text":"acquired immune deficiency","tr":[{"text":"приобретенный иммунодефицит"}]}]},{"text":"получать","pos":"verb","asp":"несов","syn":[{"text":"получить","pos":"verb","asp":"сов"},{"text":"обрести","pos":"verb","asp":"сов"}],"mean":[{"text":"receive"},{"text":"obtain"},{"text":"gain"}],"ex":[{"text":"acquire new knowledge","tr":[{"text":"получать новые знания"}]},{"text":"acquire skills","tr":[{"text":"получить навыки"}]},{"text":"acquire wisdom","tr":[{"text":"обрести мудрость"}]}]},{"text":"овладевать","pos":"verb","asp":"несов","syn":[{"text":"овладеть","pos":"verb","asp":"сов"}],"mean":[{"text":"seize"},{"text":"possess"}]},{"text":"обзаводиться","pos":"verb","asp":"несов","syn":[{"text":"обзавестись","pos":"verb","asp":"сов"},{"text":"заполучить","pos":"verb","asp":"сов"}],"mean":[{"text":"get"}]},{"text":"усвоить","pos":"verb","asp":"сов","mean":[{"text":"learn"}]},{"text":"нажить","pos":"verb","asp":"сов","mean":[{"text":"make"}],"ex":[{"text":"acquired property","tr":[{"text":"нажитое имущество"}]}]},{"text":"достигать","pos":"verb","asp":"несов","mean":[{"text":"attain"}]},{"text":"обрасти","pos":"verb","asp":"сов","mean":[{"text":"overgrown"}]}]}]}