{"head":{},"def":[{"text":"acquiescence","pos":"noun","ts":"ækwɪˈesns","tr":[{"text":"молчаливое согласие","pos":"noun","syn":[{"text":"попустительство","pos":"noun","gen":"ср"}],"mean":[{"text":"tacit consent"},{"text":"connivance"}]},{"text":"согласие","pos":"noun","gen":"ср","mean":[{"text":"consent"}],"ex":[{"text":"silent acquiescence","tr":[{"text":"молчаливое согласие"}]}]},{"text":"уступка","pos":"noun","gen":"ж","mean":[{"text":"concession"}]},{"text":"уступчивость","pos":"noun","gen":"ж","mean":[{"text":"compliance"}]}]}]}