{"head":{},"def":[{"text":"acquired","pos":"participle","ts":"əˈkwaɪəd","tr":[{"text":"приобретенный","pos":"participle","syn":[{"text":"приобретаемый","pos":"participle"},{"text":"нажитый","pos":"participle"}],"mean":[{"text":"purchased"}]},{"text":"полученный","pos":"participle","syn":[{"text":"получаемый","pos":"participle"},{"text":"добытый","pos":"participle"}],"mean":[{"text":"received"},{"text":"extracted"}]},{"text":"обретенный","pos":"participle","mean":[{"text":"found"}]}]}]}