{"head":{},"def":[{"text":"acquaint","pos":"verb","ts":"əˈkweɪnt","tr":[{"text":"знакомить","pos":"verb","asp":"несов","syn":[{"text":"ознакомиться","pos":"verb","asp":"сов"},{"text":"познакомить","pos":"verb","asp":"сов"},{"text":"ознакомить","pos":"verb","asp":"сов"}],"mean":[{"text":"introduce"},{"text":"familiarize"}]},{"text":"познакомиться","pos":"verb","asp":"сов","syn":[{"text":"знакомиться","pos":"verb","asp":"несов"}],"mean":[{"text":"meet"}]},{"text":"сообщать","pos":"verb","asp":"несов","mean":[{"text":"inform"}]}]}]}