{"head":{},"def":[{"text":"acquainted","pos":"adjective","ts":"əˈkweɪntɪd","tr":[{"text":"знакомый","pos":"adjective","mean":[{"text":"familiar"}]}]},{"text":"acquainted","pos":"participle","ts":"əˈkweɪntɪd","tr":[{"text":"знакомый","pos":"participle","syn":[{"text":"знающий","pos":"participle"}],"mean":[{"text":"known"},{"text":"aware"}]},{"text":"ознакомленный","pos":"participle","syn":[{"text":"познакомившийся","pos":"participle"}],"mean":[{"text":"familiar"}]}]}]}