{"head":{},"def":[{"text":"acquiesce","pos":"verb","ts":"ækwɪˈes","tr":[{"text":"уступать","pos":"verb","asp":"несов","syn":[{"text":"уступить","pos":"verb","asp":"сов"}],"mean":[{"text":"concede"}]},{"text":"согласиться","pos":"verb","asp":"сов","syn":[{"text":"соглашаться","pos":"verb","asp":"несов"},{"text":"смириться","pos":"verb","asp":"сов"}],"mean":[{"text":"agree"},{"text":"humble"}]},{"text":"молча согласиться","pos":"verb"}]}]}