{"head":{},"def":[{"text":"across","pos":"preposition","ts":"əˈkrɔs","tr":[{"text":"через","pos":"preposition","syn":[{"text":"сквозь","pos":"preposition"}],"mean":[{"text":"through"}],"ex":[{"text":"across the street","tr":[{"text":"через улицу"}]}]},{"text":"напротив","pos":"preposition","mean":[{"text":"opposite"}]},{"text":"поперек","pos":"preposition","mean":[{"text":"athwart"}],"ex":[{"text":"across the grain","tr":[{"text":"поперек волокон"}]}]},{"text":"по","pos":"preposition","syn":[{"text":"на","pos":"preposition"},{"text":"поверх","pos":"preposition"}],"mean":[{"text":"on"},{"text":"over"}],"ex":[{"text":"across the network","tr":[{"text":"по сети"}]}]},{"text":"между","pos":"preposition","mean":[{"text":"between"}]}]},{"text":"across","pos":"adverb","ts":"əˈkrɔs","tr":[{"text":"по горизонтали","pos":"adverb","syn":[{"text":"в ширину","pos":"adverb"}],"mean":[{"text":"horizontally"}]},{"text":"на ту сторону","pos":"adverb"},{"text":"по всей","pos":"adverb"}]}]}