{"head":{},"def":[{"text":"act","pos":"noun","ts":"ækt","tr":[{"text":"акт","pos":"noun","gen":"м","syn":[{"text":"документ","pos":"noun","gen":"м"}],"mean":[{"text":"instrument"},{"text":"document"}],"ex":[{"text":"legal act","tr":[{"text":"правовой акт"}]},{"text":"series of legislative acts","tr":[{"text":"ряд законодательных актов"}]},{"text":"monstrous act of terrorism","tr":[{"text":"чудовищный террористический акт"}]},{"text":"act of sexual violence","tr":[{"text":"акт сексуального насилия"}]},{"text":"act of unconditional surrender","tr":[{"text":"акт о безоговорочной капитуляции"}]},{"text":"act of civil disobedience","tr":[{"text":"акт гражданского неповиновения"}]},{"text":"act of good will","tr":[{"text":"акт доброй воли"}]},{"text":"act of canonical communion","tr":[{"text":"акт о каноническом общении"}]}]},{"text":"действие","pos":"noun","gen":"ср","syn":[{"text":"поступок","pos":"noun","gen":"м"},{"text":"деяние","pos":"noun","gen":"ср"},{"text":"акция","pos":"noun","gen":"ж"}],"mean":[{"text":"action"},{"text":"deed"}],"ex":[{"text":"socially dangerous act","tr":[{"text":"общественно опасное действие"}]},{"text":"heroic act","tr":[{"text":"героический поступок"}]},{"text":"book of acts","tr":[{"text":"книга деяний"}]},{"text":"criminal act","tr":[{"text":"преступная акция"}]}]},{"text":"закон","pos":"noun","gen":"м","syn":[{"text":"постановление","pos":"noun","gen":"ср"}],"mean":[{"text":"law"},{"text":"regulation"}],"ex":[{"text":"employment act","tr":[{"text":"закон о занятости"}]}]},{"text":"дело","pos":"noun","gen":"ср","mean":[{"text":"case"}]},{"text":"вести","pos":"noun","mean":[{"text":"lead"}]},{"text":"номер","pos":"noun","gen":"м","mean":[{"text":"room"}]}]},{"text":"act","pos":"verb","ts":"ækt","tr":[{"text":"действовать","pos":"verb","asp":"несов","syn":[{"text":"вести себя","pos":"verb"},{"text":"работать","pos":"verb","asp":"несов"},{"text":"влиять","pos":"verb","asp":"несов"},{"text":"подействовать","pos":"verb","asp":"сов"},{"text":"воздействовать","pos":"verb"}],"mean":[{"text":"operate"},{"text":"behave"},{"text":"affect"}],"ex":[{"text":"act quickly","tr":[{"text":"действовать быстро"}]},{"text":"act independently","tr":[{"text":"работать независимо"}]},{"text":"act directly","tr":[{"text":"воздействовать непосредственно"}]}]},{"text":"поступать","pos":"verb","asp":"несов","syn":[{"text":"поступить","pos":"verb","asp":"сов"}],"mean":[{"text":"do"}],"ex":[{"text":"act wisely","tr":[{"text":"поступать мудро"}]},{"text":"act correctly","tr":[{"text":"поступить правильно"}]}]},{"text":"выступать","pos":"verb","asp":"несов","mean":[{"text":"perform"}],"ex":[{"text":"act simultaneously","tr":[{"text":"выступать одновременно"}]}]},{"text":"играть","pos":"verb","asp":"несов","mean":[{"text":"play"}],"ex":[{"text":"act the parts","tr":[{"text":"играть роли"}]}]},{"text":"служить","pos":"verb","asp":"несов","mean":[{"text":"serve"}]}]}]}