{"head":{},"def":[{"text":"action","pos":"noun","ts":"ækʃn","tr":[{"text":"действие","pos":"noun","gen":"ср","syn":[{"text":"деятельность","pos":"noun","gen":"ж"},{"text":"воздействие","pos":"noun","gen":"ср"},{"text":"работа","pos":"noun","gen":"ж"}],"mean":[{"text":"activity"},{"text":"impact"},{"text":"work"}],"ex":[{"text":"collective action","tr":[{"text":"коллективное действие"}]},{"text":"national action plan","tr":[{"text":"национальный план действий"}]},{"text":"political action committee","tr":[{"text":"комитет политических действий"}]},{"text":"law enforcement action","tr":[{"text":"действия правоохранительных органов"}]},{"text":"take appropriate action","tr":[{"text":"предпринимать соответствующие действия"}]},{"text":"perform certain actions","tr":[{"text":"выполнять определенные действия"}]},{"text":"action of free radicals","tr":[{"text":"действие свободных радикалов"}]},{"text":"concrete action","tr":[{"text":"конкретное действие"}]},{"text":"international action","tr":[{"text":"международная деятельность"}]},{"text":"control action","tr":[{"text":"управляющее воздействие"}]}]},{"text":"акция","pos":"noun","gen":"ж","mean":[{"text":"share"}],"ex":[{"text":"foreign policy action","tr":[{"text":"внешнеполитическая акция"}]}]},{"text":"поступок","pos":"noun","gen":"м","syn":[{"text":"деяние","pos":"noun","gen":"ср"}],"mean":[{"text":"act"}],"ex":[{"text":"rash action","tr":[{"text":"опрометчивый поступок"}]},{"text":"human action","tr":[{"text":"человеческое деяние"}]}]},{"text":"иск","pos":"noun","gen":"м","mean":[{"text":"lawsuit"}],"ex":[{"text":"further legal action","tr":[{"text":"дальнейший судебный иск"}]}]},{"text":"поведение","pos":"noun","gen":"ср","mean":[{"text":"behavior"}]},{"text":"бой","pos":"noun","gen":"м","mean":[{"text":"fight"}],"ex":[{"text":"defensive action","tr":[{"text":"оборонительный бой"}]}]},{"text":"выступление","pos":"noun","gen":"ср","syn":[{"text":"мероприятие","pos":"noun","gen":"ср"},{"text":"действо","pos":"noun","gen":"ср"}],"mean":[{"text":"performance"},{"text":"event"}],"ex":[{"text":"mass action","tr":[{"text":"массовое выступление"}]},{"text":"preventive action","tr":[{"text":"профилактическое мероприятие"}]},{"text":"stage action","tr":[{"text":"сценическое действо"}]}]},{"text":"мера","pos":"noun","gen":"ж","mean":[{"text":"measure"}],"ex":[{"text":"disciplinary action","tr":[{"text":"дисциплинарная мера"}]}]},{"text":"дело","pos":"noun","gen":"ср","mean":[{"text":"case"}],"ex":[{"text":"criminal action","tr":[{"text":"уголовное дело"}]}]},{"text":"операция","pos":"noun","gen":"ж","mean":[{"text":"operation"}],"ex":[{"text":"offensive action","tr":[{"text":"наступательная операция"}]}]},{"text":"экшен","pos":"noun","gen":"м","mean":[{"text":"action game"}]},{"text":"судебный процесс","pos":"noun","mean":[{"text":"proceeding"}]},{"text":"обвинение","pos":"noun","gen":"ср","mean":[{"text":"charge"}]}]},{"text":"action","pos":"adjective","ts":"ækʃn","tr":[{"text":"боевой","pos":"adjective","mean":[{"text":"combat"}]}]}]}