{"head":{},"def":[{"text":"active","pos":"adjective","ts":"ˈæktɪv","tr":[{"text":"активный","pos":"adjective","syn":[{"text":"деятельный","pos":"adjective"},{"text":"энергичный","pos":"adjective"}],"mean":[{"text":"proactive"},{"text":"busy"},{"text":"vigorous"}],"ex":[{"text":"economically active population","tr":[{"text":"экономически активное население"}]},{"text":"biologically active substance","tr":[{"text":"биологически активное вещество"}]},{"text":"active foreign policy","tr":[{"text":"активная внешняя политика"}]},{"text":"chronic active hepatitis","tr":[{"text":"хронический активный гепатит"}]},{"text":"optically active compound","tr":[{"text":"оптически активное соединение"}]},{"text":"active galactic nucleus","tr":[{"text":"активное галактическое ядро"}]},{"text":"active cooling system","tr":[{"text":"активная система охлаждения"}]},{"text":"active power filter","tr":[{"text":"фильтр активной мощности"}]},{"text":"active nature","tr":[{"text":"деятельная натура"}]},{"text":"active support","tr":[{"text":"энергичная поддержка"}]}]},{"text":"действующий","pos":"adjective","mean":[{"text":"valid"}]},{"text":"действительный","pos":"adjective","mean":[{"text":"valid"}],"ex":[{"text":"active duty","tr":[{"text":"действительная служба"}]}]},{"text":"действенный","pos":"adjective","syn":[{"text":"эффективный","pos":"adjective"}],"mean":[{"text":"effective"}],"ex":[{"text":"active measures","tr":[{"text":"действенные меры"}]}]},{"text":"живой","pos":"adjective","mean":[{"text":"lively"}],"ex":[{"text":"active part","tr":[{"text":"живое участие"}]}]},{"text":"процентный","pos":"adjective","mean":[{"text":"interest"}]}]},{"text":"active","pos":"participle","ts":"ˈæktɪv","tr":[{"text":"действующий","pos":"participle","mean":[{"text":"current"}]}]},{"text":"active","pos":"noun","ts":"ˈæktɪv","tr":[{"text":"актив","pos":"noun","gen":"м","mean":[{"text":"asset"}],"ex":[{"text":"main active","tr":[{"text":"главный актив"}]}]},{"text":"активность","pos":"noun","gen":"ж","mean":[{"text":"activity"}],"ex":[{"text":"being active","tr":[{"text":"физическая активность"}]}]},{"text":"активист","pos":"noun","gen":"м","mean":[{"text":"activist"}]}]}]}