{"head":{},"def":[{"text":"acting","pos":"noun","ts":"ˈæktɪŋ","tr":[{"text":"действующий","pos":"noun","syn":[{"text":"исполняющий","pos":"noun","gen":"ср"}]},{"text":"действие","pos":"noun","gen":"ср","mean":[{"text":"action"}],"ex":[{"text":"double acting","tr":[{"text":"двойное действие"}]}]},{"text":"игра","pos":"noun","gen":"ж","mean":[{"text":"play"}],"ex":[{"text":"bad acting","tr":[{"text":"плохая игра"}]}]},{"text":"актерство","pos":"noun","gen":"ср","mean":[{"text":"playacting"}]}]},{"text":"acting","pos":"participle","ts":"ˈæktɪŋ","tr":[{"text":"исполняющий обязанности","pos":"participle"},{"text":"работающий","pos":"participle","mean":[{"text":"working"}]},{"text":"выступающий","pos":"participle","mean":[{"text":"serving"}]},{"text":"поступающий","pos":"participle","mean":[{"text":"coming"}]},{"text":"воздействующий","pos":"participle","mean":[{"text":"affect"}]}]},{"text":"acting","pos":"adjective","ts":"ˈæktɪŋ","tr":[{"text":"актерский","pos":"adjective","mean":[{"text":"actor"}],"ex":[{"text":"professional acting debut","tr":[{"text":"профессиональный актерский дебют"}]}]}]}]}