{"head":{},"def":[{"text":"activist","pos":"noun","ts":"ˈæktɪvɪst","tr":[{"text":"активист","pos":"noun","gen":"м","syn":[{"text":"активистка","pos":"noun","gen":"ж"}],"mean":[{"text":"militant"}],"ex":[{"text":"political activist","tr":[{"text":"политический активист"}]},{"text":"trade union activist","tr":[{"text":"профсоюзный активист"}]},{"text":"human rights activist","tr":[{"text":"активист правозащитного движения"}]},{"text":"other opposition activists","tr":[{"text":"активистов оппозиции"}]}]},{"text":"деятель","pos":"noun","gen":"м","mean":[{"text":"statesman"}],"ex":[{"text":"prominent social activist","tr":[{"text":"видный общественный деятель"}]}]},{"text":"защитник","pos":"noun","gen":"м","mean":[{"text":"defender"}]}]},{"text":"activist","pos":"adjective","ts":"ˈæktɪvɪst","tr":[{"text":"активистский","pos":"adjective","ex":[{"text":"activist group","tr":[{"text":"активистская группа"}]}]}]}]}