{"head":{},"def":[{"text":"activation","pos":"noun","ts":"æktɪˈveɪʃn","tr":[{"text":"активация","pos":"noun","gen":"ж","syn":[{"text":"активизация","pos":"noun","gen":"ж"},{"text":"активирование","pos":"noun","gen":"ср"}],"mean":[{"text":"activate"}],"ex":[{"text":"activation key","tr":[{"text":"ключ активации"}]},{"text":"immune system activation","tr":[{"text":"активация иммунной системы"}]},{"text":"activation energy of reaction","tr":[{"text":"энергия активации реакции"}]},{"text":"mechanical activation","tr":[{"text":"механическая активация"}]},{"text":"early activation","tr":[{"text":"ранняя активизация"}]}]},{"text":"включение","pos":"noun","gen":"ср","syn":[{"text":"срабатывание","pos":"noun","gen":"ср"}],"mean":[{"text":"inclusion"},{"text":"operation"}],"ex":[{"text":"simultaneous activation","tr":[{"text":"одновременное включение"}]},{"text":"accidental activation","tr":[{"text":"случайное срабатывание"}]}]},{"text":"подключение","pos":"noun","gen":"ср","mean":[{"text":"connection"}],"ex":[{"text":"activation fee","tr":[{"text":"плата за подключение"}]}]}]},{"text":"activation","pos":"adjective","ts":"æktɪˈveɪʃn","tr":[{"text":"активационный","pos":"adjective","ex":[{"text":"neutron activation analysis","tr":[{"text":"нейтронный активационный анализ"}]}]}]}]}