{"head":{},"def":[{"text":"activity","pos":"noun","ts":"ækˈtɪvɪtɪ","tr":[{"text":"деятельность","pos":"noun","gen":"ж","syn":[{"text":"активность","pos":"noun","gen":"ж"},{"text":"работа","pos":"noun","gen":"ж"}],"mean":[{"text":"operation"},{"text":"active"},{"text":"work"}],"ex":[{"text":"professional activity","tr":[{"text":"профессиональная деятельность"}]},{"text":"higher nervous activity","tr":[{"text":"высшая нервная деятельность"}]},{"text":"private detective activity","tr":[{"text":"частная детективная деятельность"}]},{"text":"nature conservation activity","tr":[{"text":"природоохранная деятельность"}]},{"text":"man's activity","tr":[{"text":"человеческая деятельность"}]},{"text":"dealer's activity","tr":[{"text":"дилерская деятельность"}]},{"text":"working group activity","tr":[{"text":"деятельность рабочей группы"}]},{"text":"high business activity","tr":[{"text":"высокая деловая активность"}]},{"text":"physical activity level","tr":[{"text":"уровень физической активности"}]},{"text":"social activity","tr":[{"text":"социальная работа"}]}]},{"text":"мероприятие","pos":"noun","gen":"ср","syn":[{"text":"занятие","pos":"noun","gen":"ср"}],"mean":[{"text":"event"},{"text":"occupation"}],"ex":[{"text":"operational activities","tr":[{"text":"оперативные мероприятия"}]},{"text":"sporting activities","tr":[{"text":"спортивные занятия"}]}]},{"text":"действие","pos":"noun","gen":"ср","mean":[{"text":"action"}],"ex":[{"text":"coordination of activities","tr":[{"text":"координация действий"}]}]},{"text":"энергия","pos":"noun","gen":"ж","mean":[{"text":"energy"}]}]}]}