{"head":{},"def":[{"text":"activate","pos":"verb","ts":"ˈæktɪveɪt","tr":[{"text":"активировать","pos":"verb","syn":[{"text":"включать","pos":"verb","asp":"несов"},{"text":"включить","pos":"verb","asp":"сов"},{"text":"подключить","pos":"verb","asp":"сов"},{"text":"задействовать","pos":"verb","asp":"сов"}],"mean":[{"text":"activation"},{"text":"include"},{"text":"enable"},{"text":"connect"}],"ex":[{"text":"activated carbon filter","tr":[{"text":"фильтр активированного угля"}]},{"text":"activate the device","tr":[{"text":"включить устройство"}]}]},{"text":"активизировать","pos":"verb","mean":[{"text":"active"}]},{"text":"приводить в действие","pos":"verb","mean":[{"text":"operate"}]},{"text":"инициировать","pos":"verb","mean":[{"text":"initiate"}]}]}]}