{"head":{},"def":[{"text":"actor","pos":"noun","ts":"ˈæktə","tr":[{"text":"актер","pos":"noun","gen":"м","syn":[{"text":"артист","pos":"noun","gen":"м"},{"text":"актриса","pos":"noun","gen":"ж"}],"mean":[{"text":"artist"},{"text":"actress"}],"ex":[{"text":"great actor","tr":[{"text":"великий актер"}]},{"text":"talented young actor","tr":[{"text":"талантливый молодой актер"}]},{"text":"silent film actor","tr":[{"text":"актер немого кино"}]},{"text":"pretty good actor","tr":[{"text":"неплохой актер"}]},{"text":"actor of his time","tr":[{"text":"актер своего времени"}]},{"text":"amateur actors","tr":[{"text":"самодеятельные артисты"}]}]},{"text":"деятель","pos":"noun","gen":"м","mean":[{"text":"activist"}],"ex":[{"text":"political actor","tr":[{"text":"политический деятель"}]}]},{"text":"субъект","pos":"noun","gen":"м","syn":[{"text":"актор","pos":"noun","gen":"м"}],"mean":[{"text":"entity"}],"ex":[{"text":"private sector actors","tr":[{"text":"субъекты частного сектора"}]}]},{"text":"участник","pos":"noun","gen":"м","mean":[{"text":"participant"}],"ex":[{"text":"actors in international relations","tr":[{"text":"участники международных отношений"}]}]},{"text":"действующее лицо","pos":"noun","mean":[{"text":"character"}]},{"text":"игрок","pos":"noun","gen":"м","mean":[{"text":"player"}],"ex":[{"text":"key actor","tr":[{"text":"ключевой игрок"}]}]}]},{"text":"actor","pos":"participle","ts":"ˈæktə","tr":[{"text":"действующий","pos":"participle","mean":[{"text":"acting"}]}]},{"text":"actor","pos":"adjective","ts":"ˈæktə","tr":[{"text":"актерский","pos":"adjective","mean":[{"text":"acting"}],"ex":[{"text":"actors studio","tr":[{"text":"актерская студия"}]}]}]}]}