{"head":{},"def":[{"text":"actually","pos":"adverb","ts":"ˈækʧʊəlɪ","tr":[{"text":"фактически","pos":"adverb","syn":[{"text":"на самом деле","pos":"adverb"},{"text":"действительно","pos":"adverb"},{"text":"собственно","pos":"adverb"},{"text":"в действительности","pos":"adverb"},{"text":"реально","pos":"adverb"},{"text":"практически","pos":"adverb"}],"mean":[{"text":"in fact"},{"text":"really"},{"text":"practically"}]},{"text":"в настоящее время","pos":"adverb","mean":[{"text":"currently"}]}]},{"text":"actually","pos":"adjective","ts":"ˈækʧʊəlɪ","tr":[{"text":"фактический","pos":"adjective","mean":[{"text":"actual"}]}]}]}