{"head":{},"def":[{"text":"actual","pos":"adjective","ts":"ˈækʧʊəl","tr":[{"text":"фактический","pos":"adjective","syn":[{"text":"реальный","pos":"adjective"},{"text":"действительный","pos":"adjective"},{"text":"настоящий","pos":"adjective"},{"text":"подлинный","pos":"adjective"}],"mean":[{"text":"factual"},{"text":"real"},{"text":"genuine"}],"ex":[{"text":"actual power output","tr":[{"text":"фактическая мощность"}]},{"text":"actual data","tr":[{"text":"фактические данные"}]},{"text":"actual market price","tr":[{"text":"реальная рыночная цена"}]},{"text":"actual historical events","tr":[{"text":"реальные исторические события"}]},{"text":"actual operating conditions","tr":[{"text":"реальные условия"}]},{"text":"actual human beings","tr":[{"text":"реальные люди"}]},{"text":"actual state of affairs","tr":[{"text":"действительное положение вещей"}]},{"text":"actual magic","tr":[{"text":"настоящая магия"}]},{"text":"actual words","tr":[{"text":"подлинные слова"}]}]},{"text":"текущий","pos":"adjective","syn":[{"text":"актуальный","pos":"adjective"},{"text":"современный","pos":"adjective"}],"mean":[{"text":"current"},{"text":"modern"}],"ex":[{"text":"actual mode","tr":[{"text":"текущий режим"}]},{"text":"actual problem","tr":[{"text":"актуальная проблема"}]},{"text":"actual situation","tr":[{"text":"современное состояние"}]}]}]},{"text":"actual","pos":"participle","ts":"ˈækʧʊəl","tr":[{"text":"действующий","pos":"participle","syn":[{"text":"существующий","pos":"participle"}],"mean":[{"text":"current"}]},{"text":"фактически существующий","pos":"participle","mean":[{"text":"actualy"}]}]}]}