{"head":{},"def":[{"text":"acute","pos":"adjective","ts":"əˈkjuːt","tr":[{"text":"острый","pos":"adjective","syn":[{"text":"акутовый","pos":"adjective"}],"mean":[{"text":"sharp"}],"ex":[{"text":"acute pancreatitis","tr":[{"text":"острый панкреатит"}]},{"text":"acute respiratory infection","tr":[{"text":"острая респираторная инфекция"}]},{"text":"acute renal failure","tr":[{"text":"острая почечная недостаточность"}]},{"text":"acute radiation sickness","tr":[{"text":"острая лучевая болезнь"}]},{"text":"acute social problem","tr":[{"text":"острая социальная проблема"}]},{"text":"acute coronary insufficiency","tr":[{"text":"острая коронарная недостаточность"}]},{"text":"acute political crisis","tr":[{"text":"острый политический кризис"}]},{"text":"acute phase protein","tr":[{"text":"белок острой фазы"}]},{"text":"acute alcohol intoxication","tr":[{"text":"острая алкогольная интоксикация"}]}]},{"text":"резкий","pos":"adjective","syn":[{"text":"пронзительный","pos":"adjective"},{"text":"сообразительный","pos":"adjective"}],"mean":[{"text":"sharp"}]},{"text":"сильный","pos":"adjective","mean":[{"text":"severe"}]},{"text":"проницательный","pos":"adjective","mean":[{"text":"astute"}],"ex":[{"text":"acute reader","tr":[{"text":"проницательный читатель"}]}]},{"text":"высокий","pos":"adjective","mean":[{"text":"high"}]},{"text":"актуальный","pos":"adjective","mean":[{"text":"topical"}]}]}]}