{"head":{},"def":[{"text":"ad","pos":"noun","ts":"æd","tr":[{"text":"объявление","pos":"noun","gen":"ср","syn":[{"text":"реклама","pos":"noun","gen":"ж"}],"mean":[{"text":"announcement"},{"text":"advertisement"}],"ex":[{"text":"free ad","tr":[{"text":"бесплатное объявление"}]},{"text":"banner ad","tr":[{"text":"баннерная реклама"}]}]},{"text":"наша эра","pos":"noun"}]},{"text":"ad","pos":"adjective","ts":"æd","tr":[{"text":"рекламный","pos":"adjective","mean":[{"text":"advertisement"}],"ex":[{"text":"ad agency","tr":[{"text":"рекламное агентство"}]},{"text":"new ad campaign","tr":[{"text":"новая рекламная кампания"}]}]},{"text":"специальный","pos":"adjective","mean":[{"text":"special"}],"ex":[{"text":"ad servers","tr":[{"text":"специальные серверы"}]}]}]}]}