{"head":{},"def":[{"text":"adamant","pos":"adjective","ts":"ˈædəmənt","tr":[{"text":"непреклонный","pos":"adjective","syn":[{"text":"несгибаемый","pos":"adjective"}],"mean":[{"text":"inflexible"},{"text":"unbending"}]},{"text":"твердый","pos":"adjective","mean":[{"text":"firm"}]},{"text":"категоричный","pos":"adjective","mean":[{"text":"categorical"}]}]},{"text":"adamant","pos":"noun","ts":"ˈædəmənt","tr":[{"text":"Адамант","pos":"noun","gen":"м"}]}]}