{"head":{},"def":[{"text":"adapt","pos":"verb","ts":"əˈdæpt","tr":[{"text":"адаптировать","pos":"verb","syn":[{"text":"приспосабливать","pos":"verb","asp":"несов"},{"text":"приспосабливаться","pos":"verb","asp":"несов"},{"text":"приспособлять","pos":"verb","asp":"несов"},{"text":"приспособить","pos":"verb","asp":"сов"}],"mean":[{"text":"tailor"},{"text":"fit"},{"text":"accommodate"}],"ex":[{"text":"adapted version","tr":[{"text":"адаптированный вариант"}]}]},{"text":"адаптироваться","pos":"verb","syn":[{"text":"приспособиться","pos":"verb","asp":"сов"},{"text":"освоиться","pos":"verb","asp":"сов"}],"mean":[{"text":"adjust"},{"text":"accustom"}],"ex":[{"text":"adapt to change","tr":[{"text":"адаптироваться к изменениям"}]}]},{"text":"переделывать","pos":"verb","asp":"несов","mean":[{"text":"alter"}]}]}]}