{"head":{},"def":[{"text":"adaptability","pos":"noun","ts":"ədæptəˈbɪlɪtɪ","tr":[{"text":"приспособляемость","pos":"noun","gen":"ж","syn":[{"text":"адаптация","pos":"noun","gen":"ж"}],"mean":[{"text":"adaptation"}]},{"text":"адаптируемость","pos":"noun","gen":"ж","syn":[{"text":"адаптивность","pos":"noun","gen":"ж"},{"text":"приспосабливаемость","pos":"noun","gen":"ж"},{"text":"приспособленность","pos":"noun","gen":"ж"},{"text":"способность адаптироваться","pos":"noun"}],"mean":[{"text":"adaptivity"},{"text":"fitness"},{"text":"ability to adapt"}],"ex":[{"text":"high adaptability","tr":[{"text":"высокая адаптивность"}]}]},{"text":"применимость","pos":"noun","gen":"ж","mean":[{"text":"applicability"}]},{"text":"гибкость","pos":"noun","gen":"ж","mean":[{"text":"flexibility"}]},{"text":"адаптированность","pos":"noun","gen":"ж","mean":[{"text":"adaptedness"}]}]}]}