{"head":{},"def":[{"text":"adaptable","pos":"participle","ts":"əˈdæptəbl","tr":[{"text":"адаптируемый","pos":"participle","syn":[{"text":"приспосабливаемый","pos":"participle"},{"text":"легко приспосабливаемый","pos":"participle"},{"text":"адаптирующийся","pos":"participle"},{"text":"легко адаптирующийся","pos":"participle"}],"mean":[{"text":"easily adaptable"},{"text":"adaptive"}]},{"text":"способный к адаптации","pos":"participle"}]}]}