{"head":{},"def":[{"text":"adaptation","pos":"noun","ts":"ædæpˈteɪʃn","tr":[{"text":"адаптация","pos":"noun","gen":"ж","syn":[{"text":"адаптирование","pos":"noun","gen":"ср"},{"text":"приспособляемость","pos":"noun","gen":"ж"}],"mean":[{"text":"adapt"},{"text":"adaptability"}],"ex":[{"text":"social adaptation","tr":[{"text":"социальная адаптация"}]},{"text":"adaptation to new conditions","tr":[{"text":"адаптация к новым условиям"}]}]},{"text":"приспособление","pos":"noun","gen":"ср","mean":[{"text":"fixture"}],"ex":[{"text":"protective adaptation","tr":[{"text":"защитное приспособление"}]}]},{"text":"переделка","pos":"noun","gen":"ж","syn":[{"text":"доработка","pos":"noun","gen":"ж"}],"mean":[{"text":"alteration"},{"text":"improvement"}]},{"text":"привыкание","pos":"noun","gen":"ср","mean":[{"text":"addictive"}]},{"text":"приспосабливание","pos":"noun","gen":"ср","mean":[{"text":"adjustment"}]}]},{"text":"adaptation","pos":"adjective","ts":"ædæpˈteɪʃn","tr":[{"text":"адаптационный","pos":"adjective","mean":[{"text":"adaptive"}],"ex":[{"text":"general adaptation syndrome","tr":[{"text":"общий адаптационный синдром"}]},{"text":"adaptation fund","tr":[{"text":"адаптационный фонд"}]}]}]}]}